year,country,overall,economic,education,health,political
2006,Albania,0.6607,0.6613,0.9888,0.9553,0.0375
2006,Algeria,0.6018,0.4428,0.9438,0.9712,0.0495
2006,Angola,0.6039,0.5872,0.7792,0.9796,0.0696
2006,Argentina,0.6829,0.5513,0.9965,0.9796,0.2044
2006,Australia,0.7163,0.7259,1,0.9761,0.1634
2006,Austria,0.6986,0.5526,0.9802,0.9796,0.2821
2006,Bahrain,0.5894,0.3829,0.9893,0.9617,0.0236
2006,Bangladesh,0.627,0.423,0.8681,0.9495,0.2673
2006,Belgium,0.7078,0.6199,1,0.9796,0.2319
2006,Benin,0.578,0.6175,0.6435,0.9688,0.082
2006,Bolivia,0.6335,0.5594,0.917,0.9703,0.0875
2006,Botswana,0.6897,0.6926,0.9814,0.9561,0.1287
2006,Brazil,0.6543,0.6044,0.9724,0.9796,0.061
2006,Bulgaria,0.687,0.6132,0.9889,0.9791,0.1666
2006,Burkina Faso,0.5854,0.6387,0.6456,0.9733,0.084
2006,Cambodia,0.6291,0.6754,0.809,0.9796,0.0525
2006,Cameroon,0.5865,0.4951,0.824,0.966,0.0611
2006,Canada,0.7165,0.7296,0.9987,0.9784,0.1592
2006,Chad,0.5247,0.6011,0.4678,0.9764,0.0537
2006,Chile,0.6455,0.5138,0.9799,0.9796,0.1087
2006,China,0.6561,0.6206,0.9574,0.9355,0.1107
2006,Colombia,0.7049,0.6605,0.9996,0.9796,0.1799
2006,Costa Rica,0.6936,0.5223,0.9954,0.9796,0.2771
2006,Croatia,0.7145,0.6507,0.9905,0.9791,0.2375
2006,Cyprus,0.643,0.5618,0.9893,0.9693,0.0517
2006,Czech Republic,0.6712,0.627,0.9908,0.9791,0.0877
2006,Denmark,0.7462,0.7081,1,0.9723,0.3045
2006,Dominican Republic,0.6639,0.559,1,0.9796,0.1172
2006,Ecuador,0.6433,0.4994,0.9939,0.9796,0.1003
2006,Egypt,0.5786,0.4157,0.903,0.9738,0.0218
2006,El Salvador,0.6837,0.5701,0.988,0.9796,0.197
2006,Estonia,0.6944,0.6824,0.9992,0.9791,0.1167
2006,Ethiopia,0.5946,0.5683,0.7392,0.9687,0.1023
2006,Finland,0.7958,0.7341,0.9992,0.9796,0.4704
2006,France,0.652,0.5247,1,0.9796,0.104
2006,Gambia,0.6448,0.6876,0.8086,0.9741,0.1089
2006,Georgia,0.67,0.6565,0.9967,0.9227,0.1042
2006,Germany,0.7524,0.6694,0.9954,0.9791,0.3657
2006,Ghana,0.6653,0.7535,0.8682,0.9685,0.071
2006,Greece,0.654,0.5855,0.9918,0.9779,0.0609
2006,Guatemala,0.6067,0.4425,0.8945,0.9796,0.1101
2006,Honduras,0.6483,0.4777,1,0.9796,0.1359
2006,Hungary,0.6698,0.6402,0.9908,0.9791,0.069
2006,Iceland,0.7813,0.7107,0.9905,0.9679,0.456
2006,India,0.6011,0.3967,0.8188,0.9624,0.2266
2006,Indonesia,0.6541,0.5982,0.9488,0.9687,0.1007
2006,Iran,0.5803,0.3586,0.9535,0.978,0.031
2006,Ireland,0.7335,0.6404,1,0.9701,0.3233
2006,Israel,0.6889,0.641,0.9951,0.9694,0.1501
2006,Italy,0.6456,0.5265,0.9969,0.9717,0.0872
2006,Jamaica,0.7014,0.7377,1,0.9696,0.0983
2006,Japan,0.6447,0.5453,0.9864,0.9796,0.0675
2006,Jordan,0.6109,0.4421,0.9793,0.9746,0.0476
2006,Kazakhstan,0.6928,0.7133,0.9902,0.9791,0.0888
2006,Kenya,0.6486,0.6575,0.9177,0.9663,0.0528
2006,Kuwait,0.6341,0.5773,0.9932,0.9611,0.0047
2006,Kyrgyzstan,0.6742,0.6865,0.9952,0.9796,0.0353
2006,Latvia,0.7091,0.7051,0.9308,0.9796,0.2207
2006,Lesotho,0.6807,0.6069,1,0.9796,0.1362
2006,Lithuania,0.7077,0.7133,0.9979,0.9791,0.1405
2006,Luxembourg,0.6671,0.5602,1,0.973,0.1353
2006,Macedonia,0.6983,0.6707,0.985,0.964,0.1733
2006,Madagascar,0.6385,0.5776,0.9596,0.9785,0.0385
2006,Malawi,0.6437,0.6647,0.86,0.96,0.09
2006,Malaysia,0.6509,0.5924,0.9853,0.9703,0.0558
2006,Mali,0.5996,0.6655,0.6737,0.9679,0.0913
2006,Malta,0.6518,0.5099,0.9977,0.974,0.1256
2006,Mauritania,0.5835,0.4992,0.8185,0.9796,0.0366
2006,Mauritius,0.6328,0.483,0.9831,0.9796,0.0854
2006,Mexico,0.6462,0.4801,0.9918,0.9796,0.1333
2006,Moldova,0.7128,0.7604,0.9942,0.9796,0.1172
2006,Mongolia,0.6821,0.7043,0.9991,0.9796,0.0456
2006,Morocco,0.5827,0.4612,0.8481,0.9684,0.053
2006,Namibia,0.6864,0.6135,0.9928,0.9675,0.172
2006,Nepal,0.5478,0.4654,0.7336,0.9531,0.0392
2006,Netherlands,0.725,0.6351,0.9724,0.9737,0.3186
2006,New Zealand,0.7509,0.7139,0.9992,0.9731,0.3173
2006,Nicaragua,0.6566,0.4626,0.9935,0.9785,0.1918
2006,Nigeria,0.6104,0.6116,0.8159,0.9656,0.0486
2006,Norway,0.7994,0.7286,0.9996,0.9749,0.4945
2006,Pakistan,0.5434,0.3687,0.7064,0.9506,0.1477
2006,Panama,0.6935,0.6472,0.9951,0.9791,0.1526
2006,Paraguay,0.6556,0.5542,0.9441,0.9796,0.1444
2006,Peru,0.6619,0.5305,0.9757,0.9761,0.1653
2006,Philippines,0.7516,0.7573,1,0.9796,0.2695
2006,Poland,0.6802,0.6352,0.9998,0.9791,0.1067
2006,Portugal,0.6922,0.6691,0.9888,0.973,0.1379
2006,Romania,0.6797,0.6725,0.9928,0.9791,0.0744
2006,Russia,0.677,0.6963,0.9991,0.9791,0.0337
2006,Saudi Arabia,0.5242,0.2401,0.8797,0.9771,0
2006,Singapore,0.655,0.6459,0.9308,0.9598,0.0833
2006,Slovakia,0.6757,0.6504,0.9952,0.9796,0.0774
2006,Slovenia,0.6745,0.6668,0.9987,0.973,0.0597
2006,South Africa,0.7125,0.5557,0.9929,0.9756,0.3258
2006,South Korea,0.6157,0.4805,0.948,0.967,0.0673
2006,Spain,0.7319,0.5391,0.9941,0.973,0.4214
2006,Sri Lanka,0.7199,0.5447,0.9902,0.9796,0.3652
2006,Sweden,0.8133,0.7313,0.9986,0.9731,0.5501
2006,Switzerland,0.6997,0.7091,0.9569,0.9792,0.1535
2006,Tanzania,0.7038,0.8087,0.8594,0.9668,0.1803
2006,Thailand,0.6831,0.7221,0.9728,0.9796,0.0581
2006,Trinidad and Tobago,0.6797,0.6143,0.9955,0.9796,0.1296
2006,Tunisia,0.6288,0.4803,0.959,0.9657,0.1104
2006,Turkey,0.585,0.4344,0.8849,0.9691,0.0516
2006,Uganda,0.6797,0.6773,0.8589,0.9756,0.207
2006,Ukraine,0.6797,0.6909,0.9978,0.9796,0.0505
2006,United Arab Emirates,0.5919,0.4027,0.9861,0.9643,0.0147
2006,United Kingdom,0.7365,0.6643,1,0.9742,0.3074
2006,United States,0.7042,0.7587,0.9816,0.9796,0.0968
2006,Uruguay,0.6549,0.6108,0.9908,0.9796,0.0387
2006,Venezuela,0.6664,0.5999,0.9859,0.973,0.1069
2006,Yemen,0.4595,0.2528,0.5982,0.9786,0.0083
2006,Zambia,0.636,0.6023,0.8434,0.9628,0.1354
2006,Zimbabwe,0.6461,0.6059,0.9197,0.9571,0.1016
2007,Albania,0.6685,0.6885,0.9925,0.9553,0.0375
2007,Algeria,0.6068,0.4643,0.9422,0.9714,0.0495
2007,Angola,0.6034,0.5851,0.7792,0.9796,0.0696
2007,Argentina,0.6982,0.6128,0.996,0.9796,0.2044
2007,Armenia,0.6651,0.7211,0.999,0.9227,0.0173
2007,Australia,0.7204,0.744,1,0.9741,0.1634
2007,Austria,0.706,0.5824,0.9802,0.9796,0.2821
2007,Azerbaijan,0.6781,0.7319,0.9715,0.926,0.0831
2007,Bahrain,0.5931,0.3903,0.9893,0.9612,0.0315
2007,Bangladesh,0.6314,0.4374,0.8714,0.9496,0.2673
2007,Belarus,NaN,0.7282,0.9835,0.9791,0.1546
2007,Belgium,0.7198,0.6684,1,0.9789,0.2319
2007,Belize,0.6426,0.5521,1,0.9796,0.0389
2007,Benin,0.5656,0.5429,0.6579,0.9754,0.0864
2007,Bolivia,0.6574,0.6072,0.968,0.9668,0.0875
2007,Botswana,0.6797,0.6397,0.9979,0.9527,0.1287
2007,Brazil,0.6637,0.6449,0.9686,0.9796,0.0617
2007,Bulgaria,0.7085,0.6992,0.9889,0.9791,0.1666
2007,Burkina Faso,0.5912,0.6313,0.6798,0.9699,0.084
2007,Cambodia,0.6353,0.664,0.8451,0.9796,0.0525
2007,Cameroon,0.5919,0.5114,0.8264,0.9686,0.0611
2007,Canada,0.7198,0.7428,0.9987,0.9787,0.1592
2007,Chad,0.5381,0.6523,0.4699,0.9765,0.0537
2007,Chile,0.6482,0.5172,0.9799,0.9796,0.116
2007,China,0.6643,0.6478,0.9574,0.941,0.1107
2007,Colombia,0.709,0.691,0.9996,0.9796,0.1657
2007,Costa Rica,0.7014,0.5536,0.9954,0.9796,0.2771
2007,Croatia,0.721,0.6783,0.9892,0.9791,0.2375
2007,Cuba,0.7169,0.6807,0.9903,0.9745,0.222
2007,Cyprus,0.6522,0.6021,0.9893,0.9657,0.0517
2007,Czech Republic,0.6718,0.6295,0.9908,0.9791,0.0877
2007,Denmark,0.7519,0.7336,1,0.9696,0.3045
2007,Dominican Republic,0.6705,0.5851,1,0.9796,0.1172
2007,Ecuador,0.6881,0.6344,0.9939,0.9796,0.1446
2007,Egypt,0.5809,0.421,0.9091,0.9717,0.0218
2007,El Salvador,0.6853,0.5762,0.9884,0.9796,0.197
2007,Estonia,0.7008,0.6935,0.9992,0.9791,0.1313
2007,Ethiopia,0.5991,0.5852,0.7403,0.9686,0.1023
2007,Finland,0.8044,0.7225,0.9992,0.9796,0.5165
2007,France,0.6824,0.646,1,0.9796,0.104
2007,Gambia,0.6421,0.6866,0.8084,0.9796,0.0939
2007,Georgia,0.6665,0.6304,0.9982,0.9332,0.1042
2007,Germany,0.7618,0.6997,0.9954,0.9783,0.3738
2007,Ghana,0.6725,0.7806,0.8711,0.9674,0.071
2007,Greece,0.6648,0.6302,0.9894,0.9785,0.0609
2007,Guatemala,0.6144,0.4715,0.8966,0.9796,0.1101
2007,Honduras,0.6661,0.5488,1,0.9796,0.1359
2007,Hungary,0.6731,0.653,0.9913,0.9791,0.069
2007,Iceland,0.7836,0.7213,0.9874,0.9697,0.456
2007,India,0.5936,0.3977,0.8188,0.9315,0.2266
2007,Indonesia,0.655,0.5986,0.9488,0.9719,0.1007
2007,Iran,0.5903,0.3952,0.9575,0.9776,0.031
2007,Ireland,0.7457,0.667,1,0.9727,0.3431
2007,Israel,0.6965,0.6707,0.9951,0.9699,0.1501
2007,Italy,0.6498,0.5432,0.9969,0.9719,0.0872
2007,Jamaica,0.6925,0.7009,1,0.9707,0.0983
2007,Japan,0.6455,0.5489,0.9864,0.9791,0.0675
2007,Jordan,0.6203,0.4832,0.9793,0.971,0.0476
2007,Kazakhstan,0.6983,0.7366,0.9885,0.9791,0.0888
2007,Kenya,0.6508,0.6488,0.9337,0.9681,0.0528
2007,Kuwait,0.6409,0.6036,0.9888,0.9612,0.0099
2007,Kyrgyzstan,0.6653,0.6529,0.9936,0.9796,0.0353
2007,Latvia,0.7333,0.7344,0.986,0.9796,0.233
2007,Lesotho,0.7078,0.6612,1,0.9796,0.1903
2007,Lithuania,0.7234,0.7612,0.9979,0.9791,0.1553
2007,Luxembourg,0.6786,0.606,1,0.973,0.1353
2007,Macedonia,0.6967,0.6653,0.9849,0.9635,0.1733
2007,Madagascar,0.6461,0.6086,0.9579,0.9796,0.0385
2007,Malawi,0.648,0.6755,0.8655,0.9612,0.09
2007,Malaysia,0.6444,0.5671,0.9853,0.9695,0.0558
2007,Maldives,0.635,0.5138,1,0.9508,0.0753
2007,Mali,0.6019,0.6946,0.6521,0.9695,0.0913
2007,Malta,0.6615,0.5488,0.9977,0.9739,0.1256
2007,Mauritania,0.6022,0.5046,0.8322,0.9796,0.0923
2007,Mauritius,0.6487,0.5469,0.9831,0.9796,0.0854
2007,Mexico,0.6441,0.4891,0.9918,0.9796,0.1161
2007,Moldova,0.7172,0.7785,0.9941,0.9791,0.1172
2007,Mongolia,0.6731,0.6682,0.9991,0.9796,0.0456
2007,Morocco,0.5676,0.4006,0.8451,0.9716,0.053
2007,Mozambique,0.6883,0.797,0.7525,0.9782,0.2256
2007,Namibia,0.7012,0.6717,0.9928,0.9683,0.172
2007,Nepal,0.5575,0.4568,0.7336,0.9553,0.0845
2007,Netherlands,0.7383,0.6667,0.9934,0.9743,0.3186
2007,New Zealand,0.7649,0.7552,0.9992,0.9745,0.3307
2007,Nicaragua,0.6458,0.4344,0.9912,0.9765,0.1813
2007,Nigeria,0.6122,0.6209,0.8076,0.9686,0.0519
2007,Norway,0.8059,0.7509,0.9996,0.9787,0.4945
2007,Oman,0.5903,0.3845,0.9709,0.9709,0.0351
2007,Pakistan,0.5509,0.3725,0.7336,0.9498,0.1477
2007,Panama,0.6954,0.6551,0.9942,0.9796,0.1526
2007,Paraguay,0.6659,0.594,0.9454,0.9796,0.1444
2007,Peru,0.6624,0.5371,0.9757,0.9714,0.1653
2007,Philippines,0.7629,0.7891,1,0.9796,0.2829
2007,Poland,0.6756,0.6167,1,0.9791,0.1067
2007,Portugal,0.6959,0.6835,0.9893,0.973,0.1379
2007,Qatar,0.6041,0.4556,0.993,0.9474,0.0206
2007,Romania,0.6859,0.6974,0.9928,0.9791,0.0744
2007,Russia,0.6866,0.7346,0.9991,0.9791,0.0337
2007,Saudi Arabia,0.5647,0.321,0.9613,0.9765,0
2007,Singapore,0.6609,0.6546,0.9308,0.9575,0.1005
2007,Slovakia,0.6797,0.6666,0.9952,0.9796,0.0774
2007,Slovenia,0.6842,0.7049,0.9994,0.973,0.0597
2007,South Africa,0.7194,0.5856,0.9908,0.9754,0.3258
2007,South Korea,0.6409,0.5803,0.9488,0.967,0.0673
2007,Spain,0.7444,0.5887,0.9943,0.973,0.4214
2007,Sri Lanka,0.723,0.557,0.9902,0.9796,0.3652
2007,Suriname,0.6794,0.6169,0.9887,0.973,0.1391
2007,Sweden,0.8146,0.7613,0.9986,0.9735,0.5252
2007,Switzerland,0.6924,0.676,0.9569,0.9784,0.1582
2007,Syria,0.6216,0.524,0.9274,0.9761,0.0589
2007,Tajikistan,0.6578,0.7103,0.8689,0.9785,0.0736
2007,Tanzania,0.6969,0.7796,0.8588,0.9688,0.1803
2007,Thailand,0.6815,0.7236,0.9728,0.9796,0.0501
2007,Trinidad and Tobago,0.6859,0.6388,0.9959,0.9796,0.1296
2007,Tunisia,0.6283,0.474,0.959,0.9697,0.1104
2007,Turkey,0.5768,0.4307,0.8536,0.9712,0.0516
2007,Uganda,0.6833,0.6763,0.8742,0.9758,0.207
2007,Ukraine,0.679,0.7082,0.9844,0.973,0.0505
2007,United Arab Emirates,0.6184,0.421,0.9868,0.9612,0.1046
2007,United Kingdom,0.7441,0.6947,1,0.9745,0.3074
2007,United States,0.7002,0.7383,0.9816,0.9795,0.1016
2007,Uruguay,0.6608,0.6341,0.9908,0.9796,0.0387
2007,Venezuela,0.6797,0.6306,0.9989,0.9796,0.1097
2007,Vietnam,0.6889,0.7447,0.8924,0.97,0.1484
2007,Yemen,0.451,0.2507,0.5654,0.9796,0.0083
2007,Zambia,0.6288,0.5707,0.8481,0.9612,0.1354
2007,Zimbabwe,0.6464,0.6037,0.9252,0.9522,0.1047
2008,Albania,0.6591,0.6491,0.9907,0.9553,0.0413
2008,Algeria,0.6111,0.468,0.9491,0.9714,0.0558
2008,Angola,0.6032,0.5843,0.7779,0.9796,0.0711
2008,Argentina,0.7209,0.607,0.9941,0.9796,0.3027
2008,Armenia,0.6677,0.6969,0.9993,0.9279,0.0468
2008,Australia,0.7241,0.7307,1,0.9741,0.1915
2008,Austria,0.7153,0.5872,0.9886,0.9796,0.3057
2008,Azerbaijan,0.6856,0.7863,0.9673,0.9313,0.0575
2008,Bahrain,0.5927,0.3988,0.9917,0.9612,0.0192
2008,Bangladesh,0.6531,0.4436,0.9093,0.9496,0.3098
2008,Barbados,0.7188,0.7706,0.9957,0.9796,0.1295
2008,Belarus,NaN,0.726,0.9902,0.9791,0.1442
2008,Belgium,0.7163,0.6519,0.991,0.9789,0.2431
2008,Belize,0.661,0.6094,1,0.9796,0.0549
2008,Benin,0.5582,0.5162,0.6329,0.9754,0.1081
2008,Bolivia,0.6667,0.5837,0.9713,0.9668,0.145
2008,Botswana,0.6839,0.6492,0.9999,0.9527,0.1338
2008,Brazil,0.6737,0.6526,1,0.9796,0.0625
2008,Brunei Darussalam,0.6392,0.57,0.9934,0.9659,0.0275
2008,Bulgaria,0.7077,0.6975,0.9901,0.9791,0.1641
2008,Burkina Faso,0.6029,0.6377,0.7068,0.9699,0.0971
2008,Cambodia,0.6469,0.6588,0.8559,0.9796,0.0933
2008,Cameroon,0.6017,0.5211,0.8343,0.9686,0.0825
2008,Canada,0.7136,0.7441,0.9977,0.9783,0.1343
2008,Chad,0.529,0.6028,0.4683,0.9765,0.0685
2008,Chile,0.6818,0.5154,0.9856,0.9796,0.2467
2008,China,0.6878,0.6915,0.9778,0.941,0.1408
2008,Colombia,0.6944,0.6966,0.9987,0.9796,0.1026
2008,Costa Rica,0.7111,0.586,0.9954,0.9796,0.2833
2008,Croatia,0.6967,0.6554,0.9944,0.9791,0.1579
2008,Cuba,0.7195,0.611,1,0.9745,0.2926
2008,Cyprus,0.6694,0.61,0.9954,0.9657,0.1066
2008,Czech Republic,0.677,0.6366,1,0.9791,0.0921
2008,Denmark,0.7538,0.7116,1,0.9696,0.334
2008,Dominican Republic,0.6744,0.6008,1,0.9796,0.1172
2008,Ecuador,0.7091,0.6234,0.9953,0.9796,0.2381
2008,Egypt,0.5832,0.4367,0.9018,0.9717,0.0227
2008,El Salvador,0.6875,0.5632,0.988,0.9796,0.2194
2008,Estonia,0.7076,0.7004,0.9954,0.9791,0.1555
2008,Ethiopia,0.5867,0.5654,0.7001,0.9686,0.1129
2008,Finland,0.8195,0.7408,1,0.9796,0.5577
2008,France,0.7341,0.6631,1,0.9796,0.2939
2008,Gambia,0.6622,0.7063,0.8355,0.9796,0.1272
2008,Georgia,0.6654,0.635,1,0.9386,0.0881
2008,Germany,0.7394,0.6877,0.9954,0.9783,0.2962
2008,Ghana,0.6679,0.7445,0.8749,0.9674,0.0847
2008,Greece,0.6727,0.6314,0.9944,0.9785,0.0863
2008,Guatemala,0.6072,0.4746,0.9148,0.9796,0.0599
2008,Honduras,0.696,0.6338,1,0.9796,0.1707
2008,Hungary,0.6867,0.6687,0.9928,0.9791,0.1061
2008,Iceland,0.7999,0.7323,0.9934,0.9697,0.5044
2008,India,0.606,0.399,0.8452,0.9315,0.2484
2008,Indonesia,0.6473,0.5714,0.9445,0.9719,0.1014
2008,Iran,0.6021,0.4485,0.965,0.9776,0.0172
2008,Ireland,0.7518,0.6811,1,0.9727,0.3535
2008,Israel,0.69,0.6589,0.9961,0.9699,0.1351
2008,Italy,0.6788,0.5872,0.9957,0.9719,0.1604
2008,Jamaica,0.698,0.7301,1,0.9707,0.0913
2008,Japan,0.6434,0.544,0.9854,0.9791,0.0651
2008,Jordan,0.6275,0.4889,0.986,0.971,0.0642
2008,Kazakhstan,0.6976,0.7413,0.9968,0.9791,0.0731
2008,Kenya,0.6547,0.6928,0.9261,0.9681,0.0319
2008,Kuwait,0.6358,0.5697,0.99,0.9612,0.0224
2008,Kyrgyzstan,0.7045,0.6816,0.9933,0.9796,0.1636
2008,Latvia,0.7397,0.7458,1,0.9796,0.2332
2008,Lesotho,0.732,0.7311,1,0.9796,0.2173
2008,Lithuania,0.7222,0.7421,0.9949,0.9791,0.1726
2008,Luxembourg,0.6802,0.6125,1,0.973,0.1353
2008,Macedonia,0.6914,0.6466,0.9873,0.9635,0.1681
2008,Madagascar,0.6736,0.6962,0.9566,0.9796,0.0619
2008,Malawi,0.6664,0.6872,0.8936,0.9612,0.1235
2008,Malaysia,0.6442,0.5548,0.9895,0.9695,0.0631
2008,Maldives,0.6501,0.5661,1,0.9508,0.0834
2008,Mali,0.6117,0.7112,0.6567,0.9695,0.1093
2008,Malta,0.6634,0.5605,0.9955,0.9739,0.1237
2008,Mauritania,0.6117,0.4894,0.8561,0.9796,0.1216
2008,Mauritius,0.6466,0.5269,0.9884,0.9796,0.0914
2008,Mexico,0.6441,0.4789,0.978,0.9796,0.1399
2008,Moldova,0.7244,0.8017,0.9982,0.9791,0.1184
2008,Mongolia,0.7049,0.7563,1,0.9796,0.0839
2008,Morocco,0.5757,0.3926,0.8437,0.9716,0.0952
2008,Mozambique,0.7266,0.8345,0.799,0.9782,0.2948
2008,Namibia,0.7141,0.7091,0.9826,0.9683,0.1964
2008,Nepal,0.5942,0.4618,0.7454,0.9553,0.2144
2008,Netherlands,0.7399,0.6674,0.9937,0.9743,0.3241
2008,New Zealand,0.7859,0.7792,1,0.9745,0.3899
2008,Nicaragua,0.6747,0.4608,1,0.9765,0.2616
2008,Nigeria,0.6339,0.6459,0.8252,0.9686,0.096
2008,Norway,0.8239,0.7838,1,0.9787,0.533
2008,Oman,0.596,0.4149,0.9736,0.9709,0.0247
2008,Pakistan,0.5549,0.3724,0.7509,0.9498,0.1465
2008,Panama,0.7095,0.6781,0.9948,0.9796,0.1855
2008,Paraguay,0.6379,0.4827,0.9974,0.9796,0.0921
2008,Peru,0.6959,0.5961,0.9814,0.9714,0.2348
2008,Philippines,0.7568,0.7734,1,0.9796,0.2741
2008,Poland,0.6951,0.6238,0.9989,0.9791,0.1784
2008,Portugal,0.7051,0.6958,0.9902,0.973,0.1613
2008,Qatar,0.5948,0.4146,0.9966,0.9474,0.0206
2008,Romania,0.6763,0.7001,0.9936,0.9791,0.0321
2008,Russia,0.6994,0.7426,0.9994,0.9791,0.0764
2008,Saudi Arabia,0.5537,0.2589,0.9795,0.9765,0
2008,Singapore,0.6625,0.6544,0.9376,0.9575,0.1005
2008,Slovakia,0.6824,0.638,1,0.9796,0.1121
2008,Slovenia,0.6937,0.7079,0.9979,0.973,0.096
2008,South Africa,0.7232,0.5685,0.9956,0.9754,0.3534
2008,South Korea,0.6154,0.4867,0.9366,0.967,0.0714
2008,Spain,0.7281,0.577,0.9938,0.973,0.3688
2008,Sri Lanka,0.7371,0.5598,0.9925,0.9796,0.4164
2008,Suriname,0.6674,0.5507,0.9905,0.973,0.1555
2008,Sweden,0.8139,0.7842,0.9987,0.9735,0.4994
2008,Switzerland,0.736,0.6631,0.9751,0.9784,0.3273
2008,Syria,0.6181,0.5084,0.9275,0.9761,0.0603
2008,Tajikistan,0.6541,0.6891,0.8675,0.9785,0.0811
2008,Tanzania,0.7068,0.7889,0.8698,0.9688,0.1998
2008,Thailand,0.6917,0.7283,0.9906,0.9796,0.0685
2008,Trinidad and Tobago,0.7245,0.6663,0.9973,0.9796,0.2547
2008,Tunisia,0.6295,0.4757,0.9619,0.9697,0.1105
2008,Turkey,0.5853,0.4123,0.8901,0.9712,0.0675
2008,Uganda,0.6981,0.6943,0.889,0.9758,0.2333
2008,Ukraine,0.6856,0.7139,0.9985,0.9791,0.0507
2008,United Arab Emirates,0.622,0.4198,0.9955,0.9612,0.1114
2008,United Kingdom,0.7366,0.6918,1,0.9745,0.2801
2008,United States,0.7179,0.7524,1,0.9795,0.1398
2008,Uruguay,0.6907,0.6422,0.9995,0.9796,0.1415
2008,Venezuela,0.6875,0.6336,0.9988,0.9796,0.1382
2008,Vietnam,0.6778,0.7287,0.8943,0.97,0.1184
2008,Yemen,0.4664,0.2523,0.6179,0.9796,0.0159
2008,Zambia,0.6205,0.5679,0.8478,0.9612,0.105
2008,Zimbabwe,0.6485,0.6113,0.9344,0.9522,0.0964
2009,Albania,0.6601,0.6532,0.9906,0.9553,0.0413
2009,Algeria,0.6119,0.4697,0.9505,0.9714,0.0558
2009,Angola,0.6353,0.5832,0.7779,0.9796,0.2007
2009,Argentina,0.7211,0.6029,0.9941,0.9796,0.3077
2009,Armenia,0.6619,0.6712,0.9992,0.9332,0.0439
2009,Australia,0.7282,0.7477,1,0.9737,0.1915
2009,Austria,0.7031,0.5701,0.9886,0.9796,0.2744
2009,Azerbaijan,0.6626,0.6863,0.9699,0.9366,0.0575
2009,Bahamas,0.7179,0.8264,1,0.9796,0.0655
2009,Bahrain,0.6136,0.483,0.9911,0.9612,0.0192
2009,Bangladesh,0.6526,0.4552,0.9113,0.95,0.2939
2009,Barbados,0.7236,0.7854,1,0.9796,0.1295
2009,Belarus,NaN,0.7256,0.9901,0.9791,0.1615
2009,Belgium,0.7165,0.653,0.991,0.9789,0.2431
2009,Belize,0.6636,0.6215,0.9985,0.9796,0.0549
2009,Benin,0.5643,0.5463,0.6273,0.9754,0.1081
2009,Bolivia,0.6693,0.5906,0.9746,0.9668,0.145
2009,Botswana,0.7071,0.742,0.9999,0.9527,0.1338
2009,Brazil,0.6695,0.6369,0.9991,0.9796,0.0625
2009,Brunei Darussalam,0.6524,0.6239,0.9923,0.9659,0.0275
2009,Bulgaria,0.7072,0.6935,0.9921,0.9791,0.1641
2009,Burkina Faso,0.6081,0.6395,0.726,0.9699,0.0971
2009,Cambodia,0.641,0.6488,0.8568,0.9796,0.0786
2009,Cameroon,0.6108,0.5498,0.8421,0.9686,0.0825
2009,Canada,0.7196,0.7641,0.9977,0.9783,0.1383
2009,Chad,0.5417,0.6474,0.4743,0.9765,0.0685
2009,Chile,0.6884,0.5213,0.9961,0.9796,0.2566
2009,China,0.6907,0.6955,0.9797,0.9467,0.1408
2009,Colombia,0.6939,0.694,0.9996,0.9796,0.1026
2009,Costa Rica,0.718,0.6136,0.9954,0.9796,0.2833
2009,Croatia,0.6944,0.6458,0.9946,0.9791,0.1579
2009,Cuba,0.7176,0.6034,1,0.9745,0.2926
2009,Cyprus,0.6706,0.6168,0.9933,0.9657,0.1066
2009,Czech Republic,0.6789,0.6443,1,0.9791,0.0921
2009,Denmark,0.7628,0.7477,1,0.9696,0.334
2009,Dominican Republic,0.6859,0.647,1,0.9796,0.1172
2009,Ecuador,0.722,0.6302,0.9955,0.9796,0.2826
2009,Egypt,0.5862,0.4498,0.9004,0.9717,0.0227
2009,El Salvador,0.6939,0.5787,0.9875,0.9796,0.23
2009,Estonia,0.7094,0.705,0.9979,0.9791,0.1555
2009,Ethiopia,0.5948,0.5975,0.7001,0.9686,0.1129
2009,Fiji,0.6414,0.5343,0.991,0.9796,0.0608
2009,Finland,0.8252,0.7504,1,0.9796,0.5709
2009,France,0.7331,0.6591,1,0.9796,0.2939
2009,Gambia,0.6752,0.7412,0.8528,0.9796,0.1272
2009,Georgia,0.668,0.6753,0.9855,0.9386,0.0726
2009,Germany,0.7449,0.6956,0.9953,0.9783,0.3105
2009,Ghana,0.6704,0.7548,0.886,0.9674,0.0733
2009,Greece,0.6662,0.6067,0.9934,0.9785,0.0863
2009,Guatemala,0.6209,0.5061,0.9382,0.9796,0.0599
2009,Guyana,0.7108,0.6134,0.9969,0.9796,0.2535
2009,Honduras,0.6893,0.6048,1,0.9796,0.1727
2009,Hungary,0.6879,0.6738,0.9924,0.9791,0.1061
2009,Iceland,0.8276,0.7502,1,0.9697,0.5905
2009,India,0.6151,0.4125,0.8434,0.9315,0.2731
2009,Indonesia,0.658,0.5722,0.9656,0.9719,0.1224
2009,Iran,0.5839,0.3768,0.964,0.9776,0.0172
2009,Ireland,0.7597,0.6918,1,0.9727,0.3742
2009,Israel,0.7019,0.693,0.995,0.9699,0.1496
2009,Italy,0.6798,0.5898,0.9955,0.9719,0.1619
2009,Jamaica,0.7013,0.7429,1,0.9707,0.0913
2009,Japan,0.6447,0.5488,0.9851,0.9791,0.0651
2009,Jordan,0.6182,0.4524,0.9852,0.971,0.0642
2009,Kazakhstan,0.7013,0.7566,0.9962,0.9791,0.0731
2009,Kenya,0.6512,0.6832,0.9089,0.9681,0.0447
2009,Kuwait,0.6356,0.5571,0.9807,0.9612,0.0435
2009,Kyrgyzstan,0.7058,0.6866,0.9936,0.9796,0.1636
2009,Latvia,0.7416,0.7535,1,0.9796,0.2332
2009,Lesotho,0.7495,0.8013,1,0.9796,0.2173
2009,Lithuania,0.7175,0.7481,0.9946,0.9791,0.1483
2009,Luxembourg,0.6889,0.6381,1,0.973,0.1444
2009,Macedonia,0.695,0.6656,0.9883,0.9635,0.1626
2009,Madagascar,0.6732,0.6876,0.9584,0.9796,0.0675
2009,Malawi,0.6738,0.6925,0.8828,0.9612,0.1586
2009,Malaysia,0.6467,0.5653,0.9891,0.9695,0.0631
2009,Maldives,0.6482,0.5788,1,0.9508,0.0631
2009,Mali,0.586,0.5969,0.6684,0.9695,0.1093
2009,Malta,0.6635,0.5611,0.9955,0.9739,0.1237
2009,Mauritania,0.6103,0.4908,0.8491,0.9796,0.1216
2009,Mauritius,0.6513,0.5465,0.9878,0.9796,0.0914
2009,Mexico,0.6503,0.5089,0.9781,0.9796,0.1348
2009,Moldova,0.7104,0.7323,0.9929,0.9791,0.1372
2009,Mongolia,0.7221,0.8334,1,0.9796,0.0752
2009,Morocco,0.5926,0.4477,0.8558,0.9716,0.0952
2009,Mozambique,0.7195,0.8133,0.7818,0.9782,0.3047
2009,Namibia,0.7167,0.7201,0.982,0.9683,0.1964
2009,Nepal,0.6213,0.4978,0.8164,0.9553,0.2157
2009,Netherlands,0.749,0.6851,0.995,0.9743,0.3415
2009,New Zealand,0.788,0.7842,1,0.9745,0.3934
2009,Nicaragua,0.7002,0.5626,1,0.9765,0.2616
2009,Nigeria,0.628,0.6163,0.8315,0.9682,0.096
2009,Norway,0.8227,0.7793,1,0.9787,0.533
2009,Oman,0.5938,0.4059,0.9735,0.9709,0.0247
2009,Pakistan,0.5458,0.3403,0.7467,0.9498,0.1465
2009,Panama,0.7024,0.6831,0.9949,0.9796,0.1522
2009,Paraguay,0.6868,0.6688,0.997,0.9796,0.1019
2009,Peru,0.7024,0.635,0.9785,0.9714,0.2246
2009,Philippines,0.7579,0.7604,1,0.9796,0.2915
2009,Poland,0.6998,0.6426,0.9989,0.9791,0.1784
2009,Portugal,0.7013,0.6814,0.9895,0.973,0.1613
2009,Qatar,0.5907,0.4005,0.9946,0.947,0.0206
2009,Romania,0.6805,0.7121,0.9911,0.9791,0.0399
2009,Russia,0.6987,0.74,0.9992,0.9791,0.0764
2009,Saudi Arabia,0.5651,0.3096,0.9745,0.9765,0
2009,Senegal,0.6427,0.6379,0.8174,0.9742,0.1411
2009,Singapore,0.6664,0.6707,0.937,0.9575,0.1005
2009,Slovakia,0.6845,0.6464,1,0.9796,0.1121
2009,Slovenia,0.6982,0.7211,0.998,0.973,0.1005
2009,South Africa,0.7709,0.663,0.9961,0.9754,0.4492
2009,South Korea,0.6146,0.5204,0.8936,0.973,0.0714
2009,Spain,0.7345,0.6017,0.9945,0.973,0.3688
2009,Sri Lanka,0.7402,0.5734,0.9916,0.9796,0.4164
2009,Suriname,0.6726,0.5714,0.9904,0.973,0.1555
2009,Sweden,0.8139,0.7851,0.9977,0.9735,0.4994
2009,Switzerland,0.7426,0.6854,0.9792,0.9784,0.3273
2009,Syria,0.6072,0.4609,0.9315,0.9761,0.0603
2009,Tajikistan,0.6661,0.7298,0.875,0.9785,0.0811
2009,Tanzania,0.6797,0.6824,0.8679,0.9688,0.1998
2009,Thailand,0.6907,0.7216,0.9933,0.9796,0.0685
2009,Trinidad and Tobago,0.7298,0.6915,0.9937,0.9796,0.2547
2009,Tunisia,0.6233,0.4524,0.9606,0.9697,0.1105
2009,Turkey,0.5828,0.4002,0.8923,0.9712,0.0675
2009,Uganda,0.7067,0.7256,0.892,0.9758,0.2333
2009,Ukraine,0.6896,0.72,0.9991,0.9791,0.0602
2009,United Arab Emirates,0.6198,0.4148,0.9918,0.9612,0.1114
2009,United Kingdom,0.7402,0.7064,1,0.9745,0.2801
2009,United States,0.7173,0.7501,1,0.9795,0.1398
2009,Uruguay,0.6936,0.6535,1,0.9796,0.1415
2009,Venezuela,0.6839,0.619,0.9988,0.9796,0.1382
2009,Vietnam,0.6802,0.7349,0.8974,0.97,0.1184
2009,Yemen,0.4609,0.2334,0.6147,0.9796,0.0159
2009,Zambia,0.631,0.593,0.865,0.9612,0.105
2009,Zimbabwe,0.6518,0.6178,0.9336,0.9522,0.1036
2010,Albania,0.6726,0.6808,0.9942,0.937,0.0785
2010,Algeria,0.6052,0.4666,0.953,0.9661,0.035
2010,Angola,0.6712,0.6296,0.7854,0.9796,0.2901
2010,Argentina,0.7187,0.6024,0.9953,0.9796,0.2976
2010,Armenia,0.6669,0.669,0.9994,0.937,0.0621
2010,Australia,0.7271,0.7428,1,0.9739,0.1917
2010,Austria,0.7091,0.5952,0.9886,0.9787,0.2742
2010,Azerbaijan,0.6446,0.6352,0.9671,0.9287,0.0473
2010,Bahamas,0.7128,0.8288,1,0.9796,0.043
2010,Bahrain,0.6217,0.4967,0.9915,0.9612,0.0376
2010,Bangladesh,0.6702,0.4732,0.9139,0.9557,0.3378
2010,Barbados,0.7176,0.787,1,0.9796,0.1037
2010,Belgium,0.7509,0.7097,0.9909,0.9787,0.3244
2010,Belize,0.6536,0.6362,0.9987,0.9796,0
2010,Benin,0.5719,0.6049,0.6457,0.9612,0.0757
2010,Bolivia,0.6751,0.5957,0.9592,0.9719,0.1735
2010,Botswana,0.6876,0.7359,1,0.9549,0.0597
2010,Brazil,0.6655,0.6431,0.9904,0.9796,0.0488
2010,Brunei Darussalam,0.6748,0.7404,0.9931,0.9658,0
2010,Bulgaria,0.6983,0.6843,0.9925,0.9791,0.1372
2010,Burkina Faso,0.6162,0.6383,0.7485,0.9685,0.1098
2010,Cambodia,0.6482,0.6383,0.8655,0.9796,0.1095
2010,Cameroon,0.611,0.5414,0.8585,0.9612,0.0829
2010,Canada,0.7372,0.7768,0.9977,0.9784,0.1959
2010,Chad,0.533,0.6265,0.5091,0.9612,0.0352
2010,Chile,0.7013,0.5338,0.9963,0.9796,0.2957
2010,China,0.6881,0.6927,0.981,0.929,0.1495
2010,Colombia,0.6927,0.6941,0.9956,0.9791,0.1018
2010,Costa Rica,0.7194,0.5787,0.9954,0.9747,0.3287
2010,Croatia,0.6939,0.6606,0.9939,0.9796,0.1417
2010,Cuba,0.7253,0.6092,1,0.9743,0.3176
2010,Cyprus,0.6642,0.63,0.9879,0.9701,0.069
2010,Czech Republic,0.685,0.6205,1,0.9792,0.1403
2010,Denmark,0.7719,0.7438,1,0.9743,0.3695
2010,Dominican Republic,0.6774,0.6516,1,0.9711,0.087
2010,Ecuador,0.7072,0.5985,0.9879,0.9758,0.2665
2010,Egypt,0.5899,0.453,0.8987,0.9768,0.0311
2010,El Salvador,0.6596,0.5534,0.9876,0.9796,0.1178
2010,Estonia,0.7018,0.7193,0.9967,0.9773,0.1138
2010,Ethiopia,0.6019,0.6316,0.7003,0.9737,0.1021
2010,Fiji,0.6256,0.4983,0.9889,0.9796,0.0358
2010,Finland,0.826,0.7566,0.9993,0.9796,0.5686
2010,France,0.7025,0.661,1,0.9796,0.1695
2010,Gambia,0.6762,0.7588,0.8288,0.9796,0.1377
2010,Georgia,0.6598,0.6751,0.9813,0.9441,0.0388
2010,Germany,0.753,0.7138,0.9945,0.9784,0.3251
2010,Ghana,0.6782,0.7577,0.8915,0.9674,0.0961
2010,Greece,0.6908,0.6209,0.9935,0.9712,0.1773
2010,Guatemala,0.6238,0.528,0.9453,0.9796,0.0423
2010,Guyana,0.709,0.5915,0.998,0.9789,0.2674
2010,Honduras,0.6927,0.5904,0.9991,0.9762,0.2052
2010,Hungary,0.672,0.6894,0.99,0.9779,0.0309
2010,Iceland,0.8496,0.754,1,0.9696,0.6748
2010,India,0.6155,0.4025,0.8369,0.9312,0.2913
2010,Indonesia,0.6615,0.575,0.964,0.9663,0.1407
2010,Iran,0.5933,0.4257,0.9594,0.9714,0.0165
2010,Ireland,0.7773,0.7409,1,0.97,0.3985
2010,Israel,0.6957,0.6883,0.9874,0.9697,0.1375
2010,Italy,0.6765,0.5893,0.9948,0.9697,0.1523
2010,Ivory Coast,0.5691,0.539,0.6923,0.9796,0.0655
2010,Jamaica,0.7037,0.7535,0.9849,0.9796,0.0967
2010,Japan,0.6524,0.5718,0.986,0.9796,0.0722
2010,Jordan,0.6048,0.4225,0.9869,0.9706,0.0394
2010,Kazakhstan,0.7055,0.7633,0.9994,0.9796,0.0799
2010,Kenya,0.6499,0.6151,0.9396,0.9677,0.0774
2010,Kuwait,0.6318,0.5369,0.9858,0.9612,0.0435
2010,Kyrgyzstan,0.6973,0.6796,0.9953,0.9796,0.1347
2010,Latvia,0.7429,0.7516,1,0.9796,0.2404
2010,Lebanon,0.6084,0.4483,0.9773,0.9796,0.0283
2010,Lesotho,0.7678,0.8789,1,0.9796,0.2128
2010,Lithuania,0.7132,0.7555,0.9894,0.9796,0.1283
2010,Luxembourg,0.7231,0.7507,1,0.9743,0.1673
2010,Macedonia,0.6996,0.6775,0.9888,0.9551,0.1769
2010,Madagascar,0.6713,0.6708,0.9591,0.9732,0.0821
2010,Malawi,0.6824,0.6979,0.8894,0.9683,0.1742
2010,Malaysia,0.6479,0.5765,0.9899,0.9736,0.0517
2010,Maldives,0.6452,0.5907,0.9896,0.9612,0.0392
2010,Mali,0.568,0.5137,0.6794,0.9761,0.1026
2010,Malta,0.6695,0.5428,1,0.9741,0.1611
2010,Mauritania,0.6152,0.4668,0.8526,0.9796,0.1621
2010,Mauritius,0.652,0.5491,0.9882,0.9796,0.0909
2010,Mexico,0.6577,0.5212,0.991,0.9796,0.139
2010,Moldova,0.716,0.7707,0.9898,0.9796,0.124
2010,Mongolia,0.7194,0.8746,0.9919,0.9796,0.0317
2010,Morocco,0.5767,0.4077,0.8607,0.9712,0.0671
2010,Mozambique,0.7329,0.8113,0.8136,0.9612,0.3455
2010,Namibia,0.7238,0.7386,0.9979,0.9671,0.1918
2010,Nepal,0.6084,0.5174,0.7806,0.9612,0.1743
2010,Netherlands,0.7444,0.723,0.9966,0.9697,0.2883
2010,New Zealand,0.7808,0.7743,1,0.9697,0.3792
2010,Nicaragua,0.7176,0.5915,0.9996,0.9758,0.3037
2010,Nigeria,0.6055,0.6044,0.8072,0.9607,0.0497
2010,Norway,0.8404,0.8306,1,0.9697,0.5614
2010,Oman,0.595,0.4003,0.9784,0.9755,0.0256
2010,Pakistan,0.5465,0.3059,0.7698,0.9557,0.1545
2010,Panama,0.7072,0.6925,0.9934,0.9753,0.1677
2010,Paraguay,0.6804,0.6373,0.9955,0.9758,0.1129
2010,Peru,0.6895,0.6201,0.9796,0.9658,0.1926
2010,Philippines,0.7654,0.7611,1,0.9796,0.3212
2010,Poland,0.7037,0.6526,0.9992,0.9785,0.1843
2010,Portugal,0.7171,0.6723,0.989,0.9742,0.2328
2010,Qatar,0.6059,0.4829,0.9887,0.9522,0
2010,Romania,0.6826,0.7081,0.9887,0.9773,0.0562
2010,Russia,0.7036,0.736,0.9994,0.9791,0.0999
2010,Saudi Arabia,0.5713,0.3351,0.9739,0.9762,0
2010,Senegal,0.6414,0.6439,0.8208,0.9734,0.1274
2010,Singapore,0.6914,0.7527,0.9375,0.9677,0.1076
2010,Slovakia,0.6778,0.6375,1,0.9796,0.0941
2010,Slovenia,0.7047,0.7229,0.9977,0.9755,0.1229
2010,South Africa,0.7535,0.6727,0.9962,0.9677,0.3773
2010,South Korea,0.6342,0.5203,0.9466,0.973,0.0969
2010,Spain,0.7554,0.624,0.9964,0.9755,0.4258
2010,Sri Lanka,0.7458,0.6008,0.9926,0.9796,0.4103
2010,Suriname,0.6407,0.4495,0.9852,0.9742,0.1539
2010,Sweden,0.8024,0.7695,0.9964,0.9729,0.4706
2010,Switzerland,0.7562,0.7267,0.9889,0.9738,0.3352
2010,Syria,0.5926,0.398,0.9363,0.9756,0.0603
2010,Tajikistan,0.6598,0.7087,0.8817,0.9559,0.0929
2010,Tanzania,0.6829,0.671,0.8716,0.9612,0.228
2010,Thailand,0.691,0.716,0.9855,0.9796,0.0829
2010,Trinidad and Tobago,0.7353,0.712,0.9947,0.9796,0.2549
2010,Tunisia,0.6266,0.4501,0.9662,0.9623,0.1278
2010,Turkey,0.5876,0.3856,0.9123,0.9755,0.0769
2010,Uganda,0.7169,0.7075,0.9218,0.9796,0.2586
2010,Ukraine,0.6869,0.7074,0.9996,0.9761,0.0645
2010,United Arab Emirates,0.6397,0.4605,0.9977,0.9612,0.1394
2010,United Kingdom,0.746,0.721,1,0.9698,0.2933
2010,United States,0.7411,0.7992,1,0.9792,0.1861
2010,Uruguay,0.6897,0.6566,1,0.9796,0.1227
2010,Venezuela,0.6863,0.6145,0.9991,0.9796,0.1521
2010,Vietnam,0.6776,0.7212,0.9242,0.9469,0.1182
2010,Yemen,0.4603,0.1951,0.6567,0.9727,0.0165
2010,Zambia,0.6293,0.6011,0.8472,0.969,0.0999
2010,Zimbabwe,0.6574,0.6397,0.9332,0.9458,0.111
2011,Albania,0.6748,0.7129,0.9809,0.9268,0.0784
2011,Algeria,0.5991,0.4452,0.9502,0.9661,0.035
2011,Angola,0.6624,0.5937,0.7864,0.9796,0.2898
2011,Argentina,0.7236,0.6124,0.9941,0.9796,0.3084
2011,Armenia,0.6654,0.658,0.9994,0.9419,0.0623
2011,Australia,0.7291,0.7565,1,0.9739,0.1861
2011,Austria,0.7165,0.6245,0.9886,0.9787,0.2744
2011,Azerbaijan,0.6577,0.642,0.9891,0.9331,0.0665
2011,Bahamas,0.734,0.9135,1,0.9796,0.043
2011,Bahrain,0.6232,0.5079,0.9862,0.9612,0.0376
2011,Bangladesh,0.6812,0.4932,0.9168,0.9557,0.3591
2011,Barbados,0.717,0.7843,1,0.9796,0.1042
2011,Belgium,0.7531,0.7187,0.9909,0.9787,0.3241
2011,Belize,0.6489,0.6162,1,0.9796,0
2011,Benin,0.5832,0.6494,0.6558,0.9612,0.0664
2011,Bolivia,0.6862,0.6352,0.9646,0.9719,0.1732
2011,Botswana,0.6832,0.7185,1,0.9549,0.0595
2011,Brazil,0.6679,0.649,0.9904,0.9796,0.0526
2011,Brunei Darussalam,0.6787,0.7552,0.9938,0.9658,0
2011,Bulgaria,0.6987,0.6867,0.9923,0.9791,0.1367
2011,Burkina Faso,0.6153,0.6266,0.7563,0.9685,0.1097
2011,Burundi,0.727,0.8355,0.8565,0.9685,0.2477
2011,Cambodia,0.6464,0.6315,0.8651,0.9796,0.1093
2011,Cameroon,0.6073,0.5252,0.8597,0.9612,0.083
2011,Canada,0.7407,0.7759,0.9989,0.9784,0.2095
2011,Chad,0.5334,0.593,0.5158,0.9612,0.0638
2011,Chile,0.703,0.5411,0.9957,0.9796,0.2958
2011,China,0.6866,0.6825,0.9815,0.9327,0.1496
2011,Colombia,0.6714,0.5984,0.9955,0.9791,0.1125
2011,Costa Rica,0.7266,0.5935,1,0.9747,0.3382
2011,Croatia,0.7006,0.6676,0.9954,0.9796,0.1598
2011,Cuba,0.7394,0.6656,1,0.9743,0.318
2011,Cyprus,0.6567,0.6175,0.9776,0.9701,0.0618
2011,Czech Republic,0.6789,0.5961,1,0.9792,0.1403
2011,Denmark,0.7778,0.7672,1,0.9743,0.3696
2011,Dominican Republic,0.6682,0.5969,1,0.9711,0.1049
2011,Ecuador,0.7035,0.5838,0.9877,0.9758,0.2668
2011,Egypt,0.5933,0.4573,0.9081,0.9768,0.0311
2011,El Salvador,0.6567,0.5405,0.9891,0.9796,0.1176
2011,Estonia,0.6983,0.7201,0.9967,0.9773,0.0989
2011,Ethiopia,0.6136,0.6373,0.7043,0.9737,0.139
2011,Fiji,0.6255,0.4972,0.9893,0.9796,0.0358
2011,Finland,0.8383,0.7681,0.9995,0.9796,0.606
2011,France,0.7018,0.6587,1,0.9796,0.1691
2011,Gambia,0.6763,0.7561,0.832,0.9796,0.1375
2011,Georgia,0.6624,0.6725,0.99,0.948,0.039
2011,Germany,0.759,0.727,0.9942,0.9784,0.3364
2011,Ghana,0.6811,0.7581,0.9027,0.9674,0.0962
2011,Greece,0.6916,0.6242,0.9938,0.9712,0.1772
2011,Guatemala,0.6229,0.5236,0.946,0.9796,0.0422
2011,Guyana,0.7084,0.5985,0.9886,0.9789,0.2678
2011,Honduras,0.6945,0.5972,0.9991,0.9762,0.2053
2011,Hungary,0.6642,0.6537,0.9926,0.9796,0.031
2011,Iceland,0.853,0.7453,1,0.9696,0.6971
2011,India,0.619,0.396,0.8369,0.9312,0.3119
2011,Indonesia,0.6594,0.5642,0.9671,0.9663,0.14
2011,Iran,0.5894,0.4443,0.9251,0.9714,0.0166
2011,Ireland,0.783,0.7322,1,0.9741,0.4257
2011,Israel,0.6926,0.6721,0.9874,0.9697,0.1412
2011,Italy,0.6796,0.5976,0.9945,0.9738,0.1525
2011,Ivory Coast,0.5773,0.5569,0.7073,0.9796,0.0656
2011,Jamaica,0.7028,0.7508,0.9849,0.9796,0.0961
2011,Japan,0.6514,0.5673,0.9862,0.9796,0.0724
2011,Jordan,0.6117,0.4333,0.9869,0.9706,0.0558
2011,Kazakhstan,0.701,0.7491,0.9954,0.9796,0.0801
2011,Kenya,0.6493,0.6159,0.9362,0.9677,0.0773
2011,Kuwait,0.6322,0.5407,0.9834,0.9612,0.0435
2011,Kyrgyzstan,0.7036,0.7071,0.996,0.9796,0.1318
2011,Latvia,0.7399,0.7498,1,0.9796,0.23
2011,Lebanon,0.6083,0.4482,0.9773,0.9796,0.0282
2011,Lesotho,0.7666,0.874,1,0.9796,0.213
2011,Lithuania,0.7131,0.744,0.9914,0.9796,0.1376
2011,Luxembourg,0.7216,0.7449,1,0.9743,0.1673
2011,Macedonia,0.6966,0.6761,0.9892,0.9551,0.166
2011,Madagascar,0.6797,0.6781,0.972,0.9732,0.0957
2011,Malawi,0.685,0.7003,0.8972,0.9683,0.174
2011,Malaysia,0.6525,0.5941,0.9906,0.9736,0.0517
2011,Maldives,0.648,0.6019,0.9896,0.9612,0.0392
2011,Mali,0.5752,0.5274,0.6927,0.9761,0.1048
2011,Malta,0.6658,0.5281,1,0.9741,0.1611
2011,Mauritania,0.6164,0.4639,0.8601,0.9796,0.162
2011,Mauritius,0.6529,0.5441,0.9888,0.9796,0.0992
2011,Mexico,0.6604,0.5318,0.9913,0.9796,0.139
2011,Moldova,0.7083,0.7641,0.9909,0.9796,0.0988
2011,Mongolia,0.714,0.85,0.9946,0.9796,0.0318
2011,Morocco,0.5804,0.4177,0.8653,0.9712,0.0672
2011,Mozambique,0.7251,0.7816,0.8121,0.9612,0.3457
2011,Namibia,0.7177,0.7273,0.9983,0.9671,0.178
2011,Nepal,0.5888,0.4606,0.7589,0.9612,0.1745
2011,Netherlands,0.747,0.7432,0.9985,0.9697,0.2766
2011,New Zealand,0.781,0.7747,1,0.9697,0.3797
2011,Nicaragua,0.7245,0.6187,0.9996,0.9758,0.304
2011,Nigeria,0.6011,0.5964,0.809,0.9607,0.0384
2011,Norway,0.8404,0.8302,1,0.9697,0.5616
2011,Oman,0.5873,0.4068,0.9412,0.9755,0.0256
2011,Pakistan,0.5583,0.3446,0.7782,0.9557,0.1547
2011,Panama,0.7042,0.6797,0.9937,0.9753,0.1679
2011,Paraguay,0.6818,0.6436,0.9948,0.9758,0.1129
2011,Peru,0.6796,0.6109,0.9796,0.9658,0.1622
2011,Philippines,0.7685,0.7632,1,0.9796,0.3314
2011,Poland,0.7038,0.653,0.9994,0.9785,0.1843
2011,Portugal,0.7144,0.6626,0.9932,0.9742,0.2278
2011,Qatar,0.623,0.5473,0.9924,0.9522,0
2011,Romania,0.6812,0.6943,0.995,0.9791,0.0563
2011,Russia,0.7037,0.7373,0.9985,0.9791,0.0999
2011,Saudi Arabia,0.5753,0.3576,0.9674,0.9762,0
2011,Senegal,0.6573,0.6884,0.8247,0.9734,0.1429
2011,Singapore,0.6914,0.7585,0.9381,0.9677,0.1014
2011,Slovakia,0.6797,0.6335,1,0.9796,0.1059
2011,Slovenia,0.7041,0.7205,0.9977,0.9755,0.1227
2011,South Africa,0.7478,0.6653,0.981,0.9677,0.3773
2011,South Korea,0.6281,0.4934,0.9481,0.9736,0.0972
2011,Spain,0.758,0.6328,0.997,0.9761,0.426
2011,Sri Lanka,0.7212,0.5598,0.9329,0.9796,0.4126
2011,Suriname,0.6395,0.5084,0.9911,0.9742,0.0843
2011,Sweden,0.8044,0.7933,0.9957,0.9729,0.4557
2011,Switzerland,0.7627,0.7419,0.9899,0.9738,0.3453
2011,Syria,0.5896,0.409,0.9135,0.9756,0.0603
2011,Tajikistan,0.6526,0.6827,0.8839,0.9559,0.0881
2011,Tanzania,0.6904,0.6571,0.8779,0.9612,0.2653
2011,Thailand,0.6892,0.709,0.9855,0.9796,0.0828
2011,Trinidad and Tobago,0.7372,0.7108,0.9944,0.9796,0.2642
2011,Tunisia,0.6255,0.444,0.9662,0.9641,0.1278
2011,Turkey,0.5954,0.3888,0.92,0.9755,0.0972
2011,Uganda,0.722,0.7088,0.9173,0.9796,0.2824
2011,Ukraine,0.6861,0.7037,0.9997,0.9761,0.0648
2011,United Arab Emirates,0.6454,0.4898,0.9914,0.9612,0.1394
2011,United Kingdom,0.7462,0.7224,1,0.9698,0.2927
2011,United States,0.7412,0.7999,1,0.9792,0.1857
2011,Uruguay,0.6907,0.6621,0.9982,0.9796,0.1229
2011,Venezuela,0.6861,0.6159,0.999,0.9796,0.15
2011,Vietnam,0.6732,0.7106,0.9257,0.9458,0.1107
2011,Yemen,0.4873,0.318,0.642,0.9727,0.0164
2011,Zambia,0.63,0.6005,0.8505,0.969,0.0999
2011,Zimbabwe,0.6607,0.6503,0.9355,0.9458,0.1112
2012,Albania,0.6655,0.6663,0.989,0.9313,0.0753
2012,Algeria,0.6112,0.3776,0.9499,0.9661,0.1511
2012,Argentina,0.7212,0.6075,0.9962,0.9796,0.3018
2012,Armenia,0.6636,0.6446,0.9995,0.9441,0.0662
2012,Australia,0.7294,0.7593,1,0.9735,0.1847
2012,Austria,0.7391,0.6515,0.9946,0.9787,0.3318
2012,Azerbaijan,0.6546,0.6489,0.983,0.92,0.0663
2012,Bahamas,0.7156,0.8359,1,0.9796,0.0471
2012,Bahrain,0.6298,0.4967,0.9947,0.9612,0.0667
2012,Bangladesh,0.6684,0.4799,0.8575,0.9557,0.3804
2012,Barbados,0.7232,0.7905,1,0.9796,0.1226
2012,Belgium,0.7652,0.7241,0.9918,0.9787,0.3664
2012,Belize,0.6465,0.6414,0.955,0.9796,0.0099
2012,Benin,0.6258,0.7591,0.6446,0.9612,0.1383
2012,Bolivia,0.7222,0.6365,0.9629,0.9719,0.3175
2012,Botswana,0.6744,0.7076,1,0.9549,0.0353
2012,Brazil,0.6909,0.6499,1,0.9796,0.1344
2012,Brunei Darussalam,0.675,0.7403,0.9937,0.9658,0
2012,Bulgaria,0.7021,0.696,0.9924,0.9791,0.1409
2012,Burkina Faso,0.6455,0.7376,0.7864,0.9685,0.0897
2012,Burundi,0.7338,0.8322,0.8644,0.9685,0.2702
2012,Cambodia,0.6457,0.6402,0.8714,0.9796,0.0916
2012,Cameroon,0.6291,0.6834,0.7816,0.9612,0.0902
2012,Canada,0.7381,0.7877,0.9909,0.978,0.1959
2012,Cape Verde,0.718,0.6231,0.9681,0.9796,0.3011
2012,Chad,0.5594,0.6772,0.5197,0.9612,0.0796
2012,Chile,0.6676,0.5475,0.9986,0.9796,0.1448
2012,China,0.6853,0.6753,0.9819,0.9344,0.1496
2012,Colombia,0.6901,0.6207,0.9944,0.9791,0.1662
2012,Costa Rica,0.7225,0.5987,1,0.9747,0.3164
2012,Croatia,0.7053,0.6691,0.995,0.9791,0.1779
2012,Cuba,0.7417,0.6655,0.9995,0.9743,0.3276
2012,Cyprus,0.6732,0.6149,0.978,0.9701,0.1298
2012,Czech Republic,0.6767,0.6026,1,0.9788,0.1254
2012,Denmark,0.7777,0.7724,1,0.9739,0.3645
2012,Dominican Republic,0.6659,0.6052,0.9688,0.9711,0.1184
2012,Ecuador,0.7206,0.5997,0.9942,0.9758,0.3126
2012,Egypt,0.5975,0.4536,0.9248,0.9768,0.0348
2012,El Salvador,0.663,0.5427,0.9889,0.9796,0.1409
2012,Estonia,0.6977,0.7193,0.9936,0.9791,0.0989
2012,Ethiopia,0.62,0.6219,0.7386,0.9737,0.1457
2012,Fiji,0.6285,0.4974,0.9925,0.9796,0.0448
2012,Finland,0.8451,0.7847,1,0.9796,0.6162
2012,France,0.6984,0.6687,1,0.9796,0.1452
2012,Gambia,0.663,0.7716,0.7634,0.9796,0.1375
2012,Georgia,0.6691,0.6766,0.979,0.9497,0.0711
2012,Germany,0.7629,0.7399,0.9848,0.978,0.3488
2012,Ghana,0.6778,0.7543,0.9055,0.9674,0.0839
2012,Greece,0.6716,0.6329,0.994,0.9737,0.0858
2012,Guatemala,0.626,0.5259,0.9511,0.9796,0.0475
2012,Guyana,0.7119,0.6029,0.999,0.9789,0.2668
2012,Honduras,0.6763,0.6009,0.9999,0.9762,0.128
2012,Hungary,0.6718,0.6591,0.9915,0.9791,0.0574
2012,Iceland,0.864,0.754,1,0.9696,0.7325
2012,India,0.6442,0.4588,0.8525,0.9312,0.3343
2012,Indonesia,0.6591,0.565,0.9734,0.9663,0.1316
2012,Iran,0.5927,0.4116,0.953,0.9714,0.0346
2012,Ireland,0.7839,0.7514,0.9988,0.9737,0.4115
2012,Israel,0.6989,0.6824,0.9874,0.9697,0.1559
2012,Italy,0.6729,0.5913,0.9923,0.9733,0.1348
2012,Ivory Coast,0.5785,0.5468,0.7095,0.9796,0.0782
2012,Jamaica,0.7035,0.7214,0.9884,0.9796,0.1247
2012,Japan,0.653,0.5756,0.9869,0.9791,0.0705
2012,Jordan,0.6103,0.4296,0.9859,0.9706,0.0552
2012,Kazakhstan,0.7213,0.7675,0.9923,0.9796,0.1458
2012,Kenya,0.6768,0.7243,0.9368,0.9677,0.0786
2012,Kuwait,0.632,0.5567,0.9936,0.9612,0.0165
2012,Kyrgyzstan,0.7013,0.7039,0.99,0.973,0.1383
2012,Latvia,0.7572,0.7618,1,0.9796,0.2875
2012,Lebanon,0.603,0.4425,0.9802,0.9796,0.0099
2012,Lesotho,0.7608,0.8163,1,0.9796,0.2474
2012,Lithuania,0.7191,0.7551,0.9954,0.9791,0.1469
2012,Luxembourg,0.7439,0.8147,0.996,0.9719,0.1931
2012,Macedonia,0.6968,0.665,0.99,0.9533,0.1789
2012,Madagascar,0.6982,0.692,0.9731,0.9732,0.1547
2012,Malawi,0.7166,0.8224,0.919,0.9683,0.1569
2012,Malaysia,0.6539,0.5988,0.9907,0.973,0.053
2012,Maldives,0.6616,0.5968,0.9994,0.9612,0.089
2012,Mali,0.5842,0.5677,0.7094,0.9761,0.0835
2012,Malta,0.6666,0.5498,0.9936,0.9737,0.1494
2012,Mauritania,0.6129,0.4955,0.8565,0.9796,0.1201
2012,Mauritius,0.6547,0.5536,0.9902,0.9796,0.0954
2012,Mexico,0.6712,0.5382,0.9914,0.9796,0.1759
2012,Moldova,0.7101,0.7608,0.9962,0.9791,0.1043
2012,Mongolia,0.7111,0.8387,0.9945,0.9796,0.0318
2012,Morocco,0.5833,0.4154,0.8744,0.9712,0.072
2012,Mozambique,0.735,0.7988,0.8267,0.9612,0.3533
2012,Namibia,0.7121,0.71,0.9988,0.9671,0.1727
2012,Nepal,0.6026,0.4874,0.7632,0.9612,0.1989
2012,Netherlands,0.7659,0.7578,1,0.9697,0.3362
2012,New Zealand,0.7805,0.7822,1,0.9697,0.3703
2012,Nicaragua,0.7697,0.6148,0.9996,0.9758,0.4889
2012,Nigeria,0.6315,0.6299,0.8159,0.9607,0.1193
2012,Norway,0.8403,0.83,1,0.9697,0.5616
2012,Oman,0.5986,0.4284,0.9684,0.9755,0.0221
2012,Pakistan,0.5478,0.3103,0.7616,0.9557,0.1636
2012,Panama,0.7122,0.6998,0.9927,0.9753,0.1811
2012,Paraguay,0.6714,0.651,0.9954,0.9758,0.0633
2012,Peru,0.6742,0.6098,0.9796,0.9658,0.1417
2012,Philippines,0.7757,0.7719,1,0.9796,0.3515
2012,Poland,0.7015,0.6503,0.9981,0.9791,0.1786
2012,Portugal,0.7071,0.6788,0.9936,0.9724,0.1834
2012,Qatar,0.6264,0.5557,0.9978,0.9522,0
2012,Romania,0.6859,0.6815,0.9943,0.9791,0.0885
2012,Russia,0.698,0.7197,0.998,0.9791,0.0951
2012,Saudi Arabia,0.5731,0.3404,0.9757,0.9762,0
2012,Senegal,0.6657,0.6737,0.827,0.9734,0.1887
2012,Serbia,0.7037,0.6596,0.9927,0.9703,0.1921
2012,Singapore,0.6989,0.7876,0.9409,0.9719,0.0951
2012,Slovakia,0.6824,0.6282,1,0.9796,0.122
2012,Slovenia,0.7132,0.7139,0.9981,0.973,0.1677
2012,South Africa,0.7496,0.6588,0.98,0.9677,0.3919
2012,South Korea,0.6356,0.5088,0.9592,0.973,0.1015
2012,Spain,0.7266,0.6462,0.9971,0.9791,0.2841
2012,Sri Lanka,0.7122,0.5596,0.9946,0.9796,0.3151
2012,Suriname,0.6409,0.5144,0.9973,0.9796,0.0723
2012,Sweden,0.8159,0.7957,0.9969,0.9735,0.4976
2012,Switzerland,0.7672,0.7518,0.9909,0.9738,0.3525
2012,Syria,0.5626,0.2743,0.9306,0.9756,0.0697
2012,Tajikistan,0.6608,0.7115,0.8869,0.9559,0.0891
2012,Tanzania,0.7091,0.6695,0.9373,0.9612,0.2684
2012,Thailand,0.6893,0.699,0.9888,0.9796,0.0898
2012,Timor-Leste,0.6855,0.6131,0.928,0.9789,0.2219
2012,Trinidad and Tobago,0.7116,0.7013,0.9943,0.9516,0.1993
2012,Turkey,0.6015,0.4139,0.9296,0.9755,0.0868
2012,Uganda,0.7228,0.7221,0.9056,0.9796,0.2839
2012,Ukraine,0.6894,0.7251,0.9997,0.9791,0.0535
2012,United Arab Emirates,0.6392,0.4751,1,0.9612,0.1206
2012,United Kingdom,0.7433,0.7305,0.9993,0.9698,0.2737
2012,United States,0.7373,0.8143,1,0.9792,0.1557
2012,Uruguay,0.6745,0.6602,0.9967,0.9796,0.0617
2012,Venezuela,0.706,0.626,0.9989,0.9796,0.2196
2012,Vietnam,0.6867,0.7096,0.9684,0.9441,0.1247
2012,Yemen,0.5054,0.3424,0.6838,0.9727,0.0227
2012,Zambia,0.6279,0.6144,0.8551,0.969,0.0732
2013,Albania,0.6412,0.6324,0.9755,0.9313,0.0256
2013,Algeria,0.5966,0.3307,0.9387,0.9661,0.1511
2013,Angola,0.6659,0.6163,0.8062,0.9796,0.2614
2013,Argentina,0.7195,0.5887,0.9962,0.9796,0.3136
2013,Armenia,0.6634,0.6384,0.9995,0.9497,0.0662
2013,Australia,0.739,0.7879,1,0.9735,0.1945
2013,Austria,0.7437,0.6642,1,0.9787,0.3318
2013,Azerbaijan,0.6582,0.6591,0.982,0.9254,0.0663
2013,Bahamas,0.7128,0.8244,1,0.9796,0.0471
2013,Bahrain,0.6334,0.5146,0.9911,0.9612,0.0667
2013,Bangladesh,0.6848,0.4954,0.8846,0.9557,0.4036
2013,Barbados,0.7301,0.7907,1,0.9796,0.1503
2013,Belgium,0.7684,0.7367,0.9918,0.9787,0.3664
2013,Belize,0.6449,0.6458,0.9445,0.9796,0.0099
2013,Benin,0.5885,0.7419,0.5127,0.9612,0.1383
2013,Bhutan,0.6651,0.7528,0.8843,0.9725,0.0509
2013,Bolivia,0.734,0.6841,0.9623,0.9719,0.3175
2013,Botswana,0.6752,0.7108,1,0.9549,0.0353
2013,Brazil,0.6949,0.6561,1,0.9796,0.144
2013,Brunei Darussalam,0.673,0.7372,0.9889,0.9658,0
2013,Bulgaria,0.7097,0.7067,0.9924,0.9791,0.1606
2013,Burkina Faso,0.6513,0.7467,0.7987,0.9685,0.0914
2013,Burundi,0.7397,0.8307,0.8895,0.9685,0.2702
2013,Cambodia,0.6509,0.6514,0.8811,0.9796,0.0916
2013,Cameroon,0.656,0.7258,0.847,0.9612,0.0902
2013,Canada,0.7425,0.7959,1,0.978,0.1959
2013,Cape Verde,0.7122,0.602,0.9663,0.9796,0.3011
2013,Chad,0.5588,0.6547,0.5311,0.9612,0.0883
2013,Chile,0.667,0.5445,0.9993,0.9796,0.1448
2013,China,0.6908,0.6752,0.988,0.9398,0.1604
2013,Colombia,0.7171,0.7275,0.9954,0.9791,0.1662
2013,Costa Rica,0.7241,0.5955,1,0.9747,0.3263
2013,Croatia,0.7069,0.6753,0.9951,0.9791,0.1779
2013,Cuba,0.754,0.6736,0.9995,0.9743,0.3685
2013,Cyprus,0.6801,0.6353,0.9853,0.9701,0.1298
2013,Czech Republic,0.677,0.6039,1,0.9788,0.1254
2013,Denmark,0.7779,0.7639,1,0.9739,0.3738
2013,Dominican Republic,0.6867,0.6751,0.9822,0.9711,0.1184
2013,Ecuador,0.7389,0.6253,0.9942,0.9758,0.3604
2013,Egypt,0.5935,0.4426,0.9199,0.9768,0.0348
2013,El Salvador,0.6609,0.5345,0.9886,0.9796,0.1409
2013,Estonia,0.6997,0.7228,0.9931,0.9791,0.1038
2013,Ethiopia,0.6198,0.6148,0.7451,0.9737,0.1457
2013,Fiji,0.6286,0.4975,0.9925,0.9796,0.0448
2013,Finland,0.8421,0.7727,1,0.9796,0.6162
2013,France,0.7089,0.669,1,0.9796,0.187
2013,Georgia,0.675,0.6741,0.979,0.9553,0.0915
2013,Germany,0.7583,0.712,0.9818,0.978,0.3611
2013,Ghana,0.6811,0.7662,0.897,0.9674,0.0937
2013,Greece,0.6782,0.647,0.9953,0.9737,0.0969
2013,Guatemala,0.6304,0.5422,0.9522,0.9796,0.0475
2013,Guyana,0.7085,0.5885,1,0.9789,0.2668
2013,Honduras,0.6773,0.6061,0.9988,0.9762,0.128
2013,Hungary,0.6742,0.6677,0.9925,0.9791,0.0574
2013,Iceland,0.8731,0.7684,1,0.9696,0.7544
2013,India,0.6551,0.4465,0.8574,0.9312,0.3852
2013,Indonesia,0.6613,0.5881,0.9574,0.9663,0.1334
2013,Iran,0.5842,0.3655,0.9653,0.9714,0.0346
2013,Ireland,0.7823,0.745,0.9988,0.9737,0.4115
2013,Israel,0.7032,0.6915,0.9874,0.9697,0.1643
2013,Italy,0.6885,0.5973,0.9924,0.9733,0.1912
2013,Ivory Coast,0.5814,0.5561,0.7141,0.9796,0.0758
2013,Jamaica,0.7085,0.7317,0.9884,0.9796,0.1345
2013,Japan,0.6498,0.5841,0.9757,0.9791,0.0603
2013,Jordan,0.6093,0.4145,0.9915,0.9706,0.0607
2013,Kazakhstan,0.7218,0.7706,0.9913,0.9796,0.1458
2013,Kenya,0.6803,0.7146,0.923,0.9677,0.1157
2013,Kuwait,0.6292,0.5252,0.9936,0.9612,0.037
2013,Kyrgyzstan,0.6948,0.6789,0.9888,0.973,0.1383
2013,Laos,0.6993,0.7999,0.8948,0.9669,0.1355
2013,Latvia,0.761,0.7767,1,0.9796,0.2875
2013,Lebanon,0.6028,0.442,0.9796,0.9796,0.0099
2013,Lesotho,0.753,0.7756,1,0.9796,0.257
2013,Lithuania,0.7308,0.7688,0.9928,0.9791,0.1826
2013,Luxembourg,0.741,0.8162,1,0.9719,0.1757
2013,Macedonia,0.7013,0.6611,0.9903,0.9533,0.2007
2013,Madagascar,0.7016,0.7033,0.975,0.9732,0.1547
2013,Malawi,0.7139,0.8253,0.8961,0.9683,0.166
2013,Malaysia,0.6518,0.5904,0.9907,0.973,0.053
2013,Maldives,0.6604,0.5914,1,0.9612,0.089
2013,Mali,0.5872,0.5668,0.7291,0.9761,0.0769
2013,Malta,0.6761,0.5655,0.9935,0.9737,0.1716
2013,Mauritania,0.581,0.3651,0.8591,0.9796,0.1201
2013,Mauritius,0.6599,0.5735,0.9907,0.9796,0.0959
2013,Mexico,0.6917,0.5499,0.9911,0.9796,0.2463
2013,Moldova,0.7037,0.7407,0.9907,0.9791,0.1043
2013,Mongolia,0.7204,0.8338,0.9946,0.9796,0.0734
2013,Morocco,0.5845,0.3949,0.9002,0.9712,0.072
2013,Mozambique,0.7349,0.7897,0.8355,0.9612,0.3533
2013,Namibia,0.7094,0.698,1,0.9671,0.1727
2013,Nepal,0.6053,0.5151,0.7462,0.9612,0.1989
2013,Netherlands,0.7608,0.7592,0.9954,0.9697,0.3191
2013,New Zealand,0.7799,0.7797,1,0.9697,0.3703
2013,Nicaragua,0.7715,0.6218,0.9996,0.9758,0.4889
2013,Nigeria,0.6469,0.6965,0.8115,0.9607,0.119
2013,Norway,0.8417,0.8357,1,0.9697,0.5616
2013,Oman,0.6053,0.4489,0.9745,0.9755,0.0221
2013,Pakistan,0.5459,0.3108,0.7685,0.9557,0.1487
2013,Panama,0.7164,0.7136,0.9958,0.9753,0.1811
2013,Paraguay,0.6724,0.6363,0.9928,0.9758,0.0847
2013,Peru,0.6787,0.6278,0.9796,0.9658,0.1417
2013,Philippines,0.7832,0.7773,1,0.9796,0.376
2013,Poland,0.7031,0.6563,0.9983,0.9791,0.1786
2013,Portugal,0.7056,0.6726,0.994,0.9724,0.1834
2013,Qatar,0.6299,0.5735,0.9941,0.9522,0
2013,Romania,0.6908,0.6928,0.9945,0.9791,0.097
2013,Russia,0.6983,0.7204,0.9984,0.9791,0.0951
2013,Saudi Arabia,0.5879,0.3223,0.9761,0.9762,0.0769
2013,Senegal,0.6923,0.6401,0.827,0.9734,0.3286
2013,Serbia,0.7116,0.6791,0.994,0.9642,0.2089
2013,Singapore,0.7,0.7883,0.9409,0.9719,0.0989
2013,Slovakia,0.6857,0.635,1,0.9796,0.1284
2013,Slovenia,0.7155,0.7189,0.9999,0.973,0.1702
2013,South Africa,0.751,0.6505,0.9941,0.9677,0.3919
2013,South Korea,0.6351,0.5036,0.9592,0.973,0.1046
2013,Spain,0.7266,0.6521,0.9971,0.973,0.2841
2013,Sri Lanka,0.7019,0.559,0.9946,0.9796,0.2744
2013,Suriname,0.6369,0.4986,0.9973,0.9796,0.0723
2013,Sweden,0.8129,0.7829,0.9977,0.9735,0.4976
2013,Switzerland,0.7736,0.7681,0.9919,0.9733,0.361
2013,Syria,0.5661,0.2508,0.9682,0.9756,0.0697
2013,Tajikistan,0.6682,0.7284,0.8993,0.9559,0.0891
2013,Tanzania,0.6928,0.6635,0.8779,0.9612,0.2684
2013,Thailand,0.6928,0.7035,0.9888,0.9796,0.0992
2013,Trinidad and Tobago,0.7166,0.7112,0.9944,0.9516,0.2092
2013,Turkey,0.6081,0.4269,0.9431,0.9755,0.0868
2013,Uganda,0.7086,0.7285,0.8425,0.9796,0.2839
2013,Ukraine,0.6935,0.7426,0.9998,0.973,0.0587
2013,United Arab Emirates,0.6372,0.4672,1,0.9612,0.1206
2013,United Kingdom,0.744,0.732,0.9994,0.9698,0.2747
2013,United States,0.7392,0.8185,1,0.9792,0.1593
2013,Uruguay,0.6803,0.6833,0.9967,0.9796,0.0617
2013,Venezuela,0.706,0.6256,0.9993,0.9796,0.2196
2013,Vietnam,0.6863,0.7023,0.9741,0.9441,0.1247
2013,Yemen,0.5128,0.3577,0.698,0.9727,0.0227
2013,Zambia,0.6312,0.6354,0.8472,0.969,0.0732
2014,Albania,0.6869,0.6534,0.97,0.9409,0.1834
2014,Algeria,0.6182,0.393,0.9363,0.9661,0.1772
2014,Angola,0.6311,0.5878,0.7211,0.9754,0.2402
2014,Argentina,0.7317,0.6312,0.9962,0.9796,0.3197
2014,Armenia,0.6622,0.6478,0.9996,0.9332,0.068
2014,Australia,0.7409,0.801,1,0.9737,0.1887
2014,Austria,0.7266,0.6704,1,0.9789,0.2573
2014,Azerbaijan,0.6753,0.7087,0.984,0.9441,0.0642
2014,Bahamas,0.7269,0.8223,1,0.9796,0.1059
2014,Bahrain,0.6261,0.4803,0.9855,0.9612,0.0774
2014,Bangladesh,0.6973,0.4774,0.9402,0.9663,0.4055
2014,Barbados,0.7289,0.7885,0.9976,0.9796,0.1501
2014,Belarus,NaN,0.8203,0.9995,0.9791,0.1211
2014,Belgium,0.7809,0.7577,0.9921,0.9789,0.3948
2014,Belize,0.6701,0.653,1,0.9796,0.048
2014,Bhutan,0.6364,0.6368,0.886,0.9665,0.0563
2014,Bolivia,0.7049,0.6379,0.9697,0.977,0.235
2014,Botswana,0.7129,0.8166,1,0.9671,0.0679
2014,Brazil,0.6941,0.6491,1,0.9796,0.1476
2014,Brunei Darussalam,0.6719,0.736,0.9858,0.9657,0
2014,Bulgaria,0.7444,0.7288,0.9934,0.9791,0.2764
2014,Burkina Faso,0.65,0.722,0.7988,0.9673,0.1117
2014,Burundi,0.7565,0.863,0.9013,0.9796,0.2822
2014,Cambodia,0.652,0.654,0.8833,0.9796,0.0911
2014,Canada,0.7464,0.7928,1,0.9694,0.2233
2014,Cape Verde,0.7133,0.6077,0.9648,0.9796,0.3013
2014,Chad,0.5764,0.6645,0.5743,0.9683,0.0983
2014,Chile,0.6975,0.5523,0.9997,0.9792,0.2589
2014,China,0.683,0.6555,0.9855,0.9404,0.1506
2014,Colombia,0.7122,0.7107,0.9961,0.9791,0.1628
2014,Costa Rica,0.7165,0.6155,1,0.9747,0.2758
2014,Croatia,0.7075,0.6753,0.9938,0.9791,0.1817
2014,Cuba,0.7317,0.5798,1,0.9791,0.368
2014,Cyprus,0.6741,0.656,0.9978,0.9738,0.069
2014,Czech Republic,0.6737,0.6216,1,0.9791,0.094
2014,Denmark,0.8025,0.8053,1,0.9741,0.4306
2014,Dominican Republic,0.6906,0.6794,0.9842,0.9706,0.1283
2014,Ecuador,0.7455,0.7154,0.9956,0.9796,0.2914
2014,Egypt,0.6064,0.4609,0.9467,0.9765,0.0413
2014,El Salvador,0.6863,0.6415,0.9884,0.9796,0.1358
2014,Estonia,0.7017,0.7055,1,0.9791,0.1221
2014,Ethiopia,0.6144,0.6177,0.7113,0.9725,0.1563
2014,Fiji,0.6286,0.5065,0.9925,0.9796,0.0358
2014,Finland,0.8453,0.7859,1,0.9789,0.6162
2014,France,0.7588,0.7036,1,0.9796,0.352
2014,Georgia,0.6855,0.6751,0.9887,0.967,0.1111
2014,Germany,0.778,0.7388,0.9995,0.9739,0.3998
2014,Ghana,0.6661,0.6772,0.9104,0.9669,0.1097
2014,Greece,0.6784,0.6434,0.9954,0.9785,0.0961
2014,Guatemala,0.6821,0.6622,0.9492,0.9796,0.1374
2014,Guinea,NaN,0.6561,0.6489,0.9674,0.1296
2014,Guyana,0.701,0.5652,1,0.9796,0.2591
2014,Honduras,0.6935,0.6391,0.9981,0.976,0.1606
2014,Hungary,0.6759,0.6683,0.9924,0.9791,0.0636
2014,Iceland,0.8594,0.8169,1,0.9654,0.6554
2014,India,0.6455,0.4096,0.8503,0.9366,0.3855
2014,Indonesia,0.6725,0.5984,0.989,0.9762,0.1262
2014,Iran,0.5811,0.3589,0.9574,0.9709,0.0374
2014,Ireland,0.785,0.7543,0.9979,0.9739,0.414
2014,Israel,0.7005,0.6392,0.9964,0.9698,0.1965
2014,Italy,0.6973,0.5738,0.9939,0.9737,0.2479
2014,Ivory Coast,0.5874,0.5817,0.7217,0.968,0.0781
2014,Jamaica,0.7128,0.7284,0.9984,0.9796,0.1447
2014,Japan,0.6584,0.6182,0.9781,0.9791,0.0583
2014,Jordan,0.5968,0.358,0.9906,0.9655,0.0731
2014,Kazakhstan,0.721,0.7414,0.9966,0.9796,0.1662
2014,Kenya,0.7258,0.8104,0.9229,0.973,0.1969
2014,Kuwait,0.6457,0.6083,0.9905,0.9567,0.0275
2014,Kyrgyzstan,0.6974,0.6801,0.986,0.973,0.1506
2014,Laos,0.7044,0.8016,0.9084,0.9721,0.1355
2014,Latvia,0.7691,0.7931,1,0.9796,0.3038
2014,Lebanon,0.5923,0.4321,0.9523,0.9747,0.01
2014,Lesotho,0.7255,0.7449,1,0.9758,0.1813
2014,Liberia,NaN,0.6366,0.7744,0.9671,0.2062
2014,Lithuania,0.7208,0.7384,0.9942,0.9791,0.1714
2014,Luxembourg,0.7333,0.7529,1,0.9678,0.2123
2014,Macedonia,0.6943,0.6511,0.9891,0.9628,0.174
2014,Madagascar,0.7214,0.7335,0.9738,0.9725,0.2056
2014,Malawi,0.7281,0.8298,0.8903,0.9673,0.225
2014,Malaysia,0.652,0.6174,0.9693,0.9692,0.0523
2014,Maldives,0.6557,0.5904,0.9943,0.9658,0.0723
2014,Mali,0.5779,0.5547,0.7264,0.9549,0.0755
2014,Malta,0.6707,0.5686,1,0.9695,0.1447
2014,Mauritania,0.6029,0.4661,0.8313,0.973,0.1413
2014,Mauritius,0.6541,0.5507,0.9888,0.9796,0.0971
2014,Mexico,0.69,0.5519,0.9906,0.9796,0.238
2014,Moldova,0.7405,0.8077,0.9949,0.9791,0.1802
2014,Mongolia,0.7212,0.8082,0.9932,0.9796,0.1037
2014,Montenegro,NaN,0.7109,0.9952,0.9641,0.1033
2014,Morocco,0.5988,0.4,0.9194,0.9663,0.1096
2014,Mozambique,0.737,0.7892,0.8326,0.968,0.3581
2014,Namibia,0.7219,0.7326,1,0.9796,0.1755
2014,Nepal,0.6458,0.547,0.8889,0.9717,0.1756
2014,Netherlands,0.773,0.7106,1,0.9699,0.4116
2014,New Zealand,0.7772,0.7517,1,0.9698,0.3872
2014,Nicaragua,0.7894,0.6347,0.9996,0.9796,0.5439
2014,Nigeria,0.6391,0.7064,0.7779,0.9674,0.1045
2014,Norway,0.8374,0.8357,1,0.9695,0.5444
2014,Oman,0.6091,0.4707,0.9736,0.9706,0.0214
2014,Pakistan,0.5522,0.3094,0.8054,0.9666,0.1273
2014,Panama,0.7195,0.7123,0.9942,0.9796,0.192
2014,Paraguay,0.689,0.6461,0.9933,0.9796,0.1371
2014,Peru,0.7198,0.6271,0.9875,0.9705,0.2941
2014,Philippines,0.7814,0.778,1,0.9796,0.3682
2014,Poland,0.7051,0.6808,0.9995,0.9791,0.1609
2014,Portugal,0.7243,0.7192,0.9933,0.9724,0.2124
2014,Qatar,0.6403,0.6197,0.9764,0.9522,0.013
2014,Romania,0.6936,0.6825,0.9939,0.9791,0.119
2014,Russia,0.6927,0.7257,0.9998,0.9791,0.0662
2014,Rwanda,NaN,0.7698,0.9289,0.9667,0.4762
2014,Saudi Arabia,0.6059,0.3893,0.9868,0.9707,0.0768
2014,Senegal,0.6912,0.6624,0.8222,0.9725,0.3077
2014,Serbia,0.7086,0.6704,0.9954,0.973,0.1957
2014,Singapore,0.7046,0.7899,0.9413,0.9671,0.1201
2014,Slovakia,0.6806,0.6431,1,0.973,0.1061
2014,Slovenia,0.7443,0.7827,0.9999,0.973,0.2214
2014,South Africa,0.7527,0.6473,0.9869,0.9796,0.3969
2014,South Korea,0.6403,0.5116,0.9648,0.973,0.1117
2014,Spain,0.7325,0.647,0.9973,0.9719,0.3139
2014,Sri Lanka,0.6903,0.5908,0.9942,0.9796,0.1965
2014,Suriname,0.6504,0.5688,0.9973,0.9796,0.0558
2014,Swaziland,NaN,0.6239,0.9967,0.9796,0.1086
2014,Sweden,0.8165,0.7989,0.9974,0.9694,0.5005
2014,Switzerland,0.7798,0.7797,0.9922,0.9737,0.3737
2014,Syria,0.5775,0.2975,0.967,0.9791,0.0662
2014,Tajikistan,0.6654,0.7007,0.905,0.9664,0.0893
2014,Tanzania,0.7182,0.7077,0.8746,0.9732,0.3173
2014,Thailand,0.7027,0.7677,0.9938,0.9796,0.07
2014,Trinidad and Tobago,0.7154,0.7072,0.9944,0.9796,0.1805
2014,Tunisia,0.6272,0.4634,0.9506,0.9641,0.1306
2014,Turkey,0.6183,0.4532,0.9527,0.9796,0.0877
2014,Uganda,0.6821,0.6311,0.8463,0.9674,0.2837
2014,Ukraine,0.7056,0.7483,0.9998,0.973,0.1012
2014,United Arab Emirates,0.6436,0.5152,0.9875,0.9612,0.1106
2014,United Kingdom,0.7383,0.714,0.9996,0.9699,0.2698
2014,United States,0.7463,0.8276,0.998,0.9747,0.1847
2014,Uruguay,0.6871,0.6841,0.9968,0.9796,0.088
2014,Venezuela,0.6851,0.6617,0.9885,0.9796,0.1108
2014,Vietnam,0.6915,0.726,0.9719,0.9441,0.1241
2014,Yemen,0.5145,0.3596,0.7068,0.9668,0.025
2014,Zambia,0.6364,0.6444,0.8463,0.9739,0.081
2014,Zimbabwe,0.7013,0.713,0.9396,0.9796,0.1732
2015,Albania,0.701,0.671,0.972,0.947,0.214
2015,Algeria,0.632,0.41,0.946,0.966,0.205
2015,Angola,0.637,0.59,0.726,0.98,0.251
2015,Argentina,0.734,0.615,0.996,0.98,0.347
2015,Armenia,0.668,0.664,1,0.939,0.068
2015,Australia,0.733,0.766,1,0.974,0.193
2015,Austria,0.733,0.705,1,0.98,0.246
2015,Azerbaijan,0.675,0.701,0.984,0.95,0.063
2015,Bahamas,0.728,0.823,1,0.98,0.11
2015,Bahrain,0.644,0.597,0.981,0.961,0.037
2015,Bangladesh,0.704,0.462,0.948,0.971,0.433
2015,Barbados,0.744,0.848,0.998,0.98,0.15
2015,Belarus,0.734,0.813,1,0.979,0.146
2015,Belgium,0.753,0.762,1,0.974,0.275
2015,Belize,0.668,0.651,0.994,0.98,0.048
2015,Benin,0.625,0.764,0.7,0.967,0.067
2015,Bhutan,0.646,0.641,0.921,0.966,0.056
2015,Bolivia,0.749,0.634,0.967,0.98,0.415
2015,Botswana,0.71,0.8,1,0.973,0.068
2015,Brazil,0.686,0.642,1,0.98,0.123
2015,Brunei Darussalam,0.684,0.78,0.993,0.966,0
2015,Bulgaria,0.722,0.701,0.992,0.979,0.215
2015,Burkina Faso,0.651,0.721,0.831,0.967,0.083
2015,Burundi,0.748,0.845,0.857,0.974,0.314
2015,Cambodia,0.622,0.681,0.891,0.98,0.098
2015,Cameroon,0.682,0.724,0.857,0.968,0.18
2015,Canada,0.74,0.773,1,0.969,0.218
2015,Cape Verde,0.717,0.591,0.97,0.98,0.329
2015,Chad,0.58,0.666,0.591,0.968,0.093
2015,Chile,0.698,0.57,1,0.979,0.243
2015,China,0.682,0.657,0.988,0.919,0.162
2015,Colombia,0.725,0.746,0.994,0.979,0.18
2015,Costa Rica,0.732,0.587,1,0.975,0.365
2015,Croatia,0.708,0.664,0.994,0.979,0.193
2015,Cuba,0.64,0.579,1,0.975,0.407
2015,Cyprus,0.671,0.643,0.998,0.974,0.069
2015,Czech Republic,0.687,0.636,1,0.979,0.134
2015,Denmark,0.767,0.788,1,0.97,0.309
2015,Dominican Republic,0.686,0.648,0.984,0.971,0.14
2015,Ecuador,0.738,0.677,0.996,0.98,0.297
2015,Egypt,0.599,0.441,0.935,0.971,0.048
2015,El Salvador,0.706,0.639,0.991,0.98,0.214
2015,Estonia,0.749,0.711,0.999,0.98,0.308
2015,Ethiopia,0.64,0.608,0.741,0.978,0.232
2015,Fiji,0.645,0.512,0.992,0.98,0.097
2015,Finland,0.85,0.815,1,0.98,0.607
2015,France,0.761,0.699,1,0.98,0.365
2015,Gambia,0.674,0.697,0.926,0.973,0.098
2015,Georgia,0.687,0.692,1,0.967,0.089
2015,Germany,0.779,0.737,0.987,0.979,0.413
2015,Ghana,0.704,0.808,0.924,0.973,0.112
2015,Greece,0.685,0.644,0.996,0.979,0.12
2015,Guatemala,0.667,0.627,0.953,0.98,0.109
2015,Guinea,0.618,0.666,0.707,0.967,0.13
2015,Guyana,0.702,0.569,1,0.98,0.261
2015,Honduras,0.688,0.617,1,0.976,0.16
2015,Hungary,0.672,0.685,0.991,0.979,0.035
2015,Iceland,0.881,0.836,1,0.97,0.719
2015,India,0.664,0.383,0.896,0.942,0.433
2015,Indonesia,0.681,0.593,0.986,0.976,0.168
2015,Iran,0.58,0.357,0.954,0.971,0.037
2015,Ireland,0.807,0.777,0.998,0.979,0.474
2015,Israel,0.712,0.671,0.996,0.974,0.205
2015,Italy,0.726,0.603,0.995,0.974,0.331
2015,Ivory Coast,0.606,0.603,0.773,0.968,0.081
2015,Jamaica,0.703,0.678,0.998,0.98,0.155
2015,Japan,0.67,0.611,0.988,0.979,0.103
2015,Jordan,0.593,0.35,0.983,0.966,0.073
2015,Kazakhstan,0.719,0.749,1,0.98,0.148
2015,Kenya,0.719,0.778,0.942,0.973,0.182
2015,Kuwait,0.646,0.615,0.991,0.957,0.022
2015,Kyrgyzstan,0.693,0.658,0.989,0.973,0.153
2015,Laos,0.713,0.811,0.935,0.972,0.132
2015,Latvia,0.752,0.784,1,0.98,0.246
2015,Lebanon,0.598,0.439,0.963,0.97,0.021
2015,Lesotho,0.706,0.672,1,0.98,0.172
2015,Liberia,0.652,0.62,0.806,0.967,0.216
2015,Lithuania,0.74,0.759,0.994,0.979,0.227
2015,Luxembourg,0.738,0.766,1,0.974,0.212
2015,Macedonia,0.701,0.671,0.99,0.967,0.178
2015,Madagascar,0.698,0.696,0.981,0.973,0.142
2015,Malawi,0.701,0.809,0.91,0.973,0.113
2015,Malaysia,0.655,0.634,0.967,0.969,0.051
2015,Maldives,0.652,0.589,0.998,0.966,0.055
2015,Mali,0.599,0.605,0.755,0.949,0.086
2015,Malta,0.668,0.573,1,0.97,0.128
2015,Mauritania,0.613,0.447,0.839,0.973,0.195
2015,Mauritius,0.646,0.534,0.991,0.98,0.078
2015,Mexico,0.699,0.545,0.991,0.98,0.281
2015,Moldova,0.742,0.797,0.996,0.979,0.195
2015,Mongolia,0.709,0.783,0.992,0.98,0.084
2015,Montenegro,0.689,0.67,0.997,0.975,0.114
2015,Morocco,0.593,0.378,0.914,0.971,0.11
2015,Mozambique,0.741,0.773,0.86,0.968,0.361
2015,Namibia,0.76,0.775,1,0.98,0.287
2015,Nepal,0.658,0.575,0.917,0.972,0.169
2015,Netherlands,0.776,0.732,1,0.97,0.401
2015,New Zealand,0.782,0.768,1,0.97,0.39
2015,Nicaragua,0.776,0.619,1,0.98,0.506
2015,Nigeria,0.638,0.691,0.802,0.961,0.097
2015,Norway,0.85,0.868,1,0.974,0.559
2015,Oman,0.604,0.441,0.984,0.971,0.021
2015,Pakistan,0.559,0.33,0.813,0.967,0.127
2015,Panama,0.772,0.698,0.994,0.98,0.214
2015,Paraguay,0.666,0.616,0.994,0.98,0.075
2015,Peru,0.683,0.603,0.987,0.97,0.173
2015,Philippines,0.79,0.799,1,0.98,0.382
2015,Poland,0.715,0.667,1,0.979,0.213
2015,Portugal,0.731,0.712,0.995,0.973,0.244
2015,Qatar,0.645,0.632,0.977,0.957,0.013
2015,Romania,0.693,0.708,0.994,0.979,0.09
2015,Russia,0.694,0.731,1,0.979,0.066
2015,Rwanda,0.794,0.808,0.944,0.972,0.452
2015,Saudi Arabia,0.605,0.387,0.988,0.966,0.077
2015,Senegal,0.698,0.678,0.833,0.967,0.316
2015,Serbia,0.72,0.669,0.996,0.973,0.242
2015,Singapore,0.711,0.814,0.945,0.967,0.119
2015,Slovakia,0.675,0.638,1,0.973,0.087
2015,Slovenia,0.784,0.778,1,0.973,0.385
2015,South Africa,0.759,0.67,0.987,0.98,0.4
2015,South Korea,0.651,0.557,0.965,0.973,0.107
2015,Spain,0.742,0.674,0.998,0.972,0.326
2015,Sri Lanka,0.686,0.577,0.995,0.98,0.193
2015,Suriname,0.67,0.616,0.998,0.98,0.12
2015,Swaziland,0.67,0.608,1,0.961,0.109
2015,Sweden,0.823,0.836,0.996,0.974,0.486
2015,Switzerland,0.785,0.798,0.993,0.974,0.376
2015,Syria,0.568,0.279,0.965,0.97,0.059
2015,Tajikistan,0.675,0.709,0.922,0.966,0.104
2015,Tanzania,0.718,0.709,0.894,0.979,0.292
2015,Thailand,0.706,0.794,0.994,0.98,0.057
2015,Trinidad and Tobago,0.72,0.704,0.995,0.98,0.201
2015,Tunisia,0.634,0.444,0.953,0.969,0.17
2015,Turkey,0.624,0.459,0.957,0.98,0.103
2015,Uganda,0.708,0.653,0.93,0.98,0.271
2015,Ukraine,0.702,0.731,1,0.979,0.098
2015,United Arab Emirates,0.646,0.519,0.987,0.961,0.115
2015,United Kingdom,0.758,0.724,1,0.974,0.335
2015,United States,0.74,0.826,0.999,0.975,0.162
2015,Uruguay,0.679,0.639,0.997,0.98,0.101
2015,Venezuela,0.691,0.657,0.99,0.98,0.139
2015,Vietnam,0.687,0.731,0.941,0.95,0.124
2015,Yemen,0.484,0.225,0.72,0.967,0.026
2015,Zambia,0.65,0.656,0.863,0.974,0.107
2015,Zimbabwe,0.709,0.707,0.974,0.98,0.175
2016,Albania,0.7036,0.668,0.986,0.947,0.214
2016,Algeria,0.642,0.435,0.962,0.966,0.205
2016,Angola,0.6432,0.565,0.778,0.98,0.251
2016,Argentina,0.7352,0.616,0.995,0.98,0.35
2016,Armenia,0.6693,0.671,1,0.939,0.068
2016,Australia,0.7214,0.719,1,0.974,0.193
2016,Austria,0.7158,0.65,0.987,0.98,0.246
2016,Azerbaijan,0.6837,0.728,0.988,0.95,0.069
2016,Bahamas,0.7291,0.827,1,0.98,0.11
2016,Bahrain,0.615,0.475,0.987,0.961,0.037
2016,Bangladesh,0.6983,0.41,0.95,0.971,0.462
2016,Barbados,0.7388,0.825,1,0.98,0.15
2016,Belarus,0.7369,0.823,1,0.979,0.146
2016,Belgium,0.7452,0.731,1,0.974,0.275
2016,Belize,0.6759,0.686,0.99,0.98,0.048
2016,Benin,0.6356,0.795,0.712,0.967,0.067
2016,Bhutan,0.6417,0.619,0.925,0.966,0.056
2016,Bolivia,0.7457,0.619,0.97,0.98,0.415
2016,Botswana,0.715,0.819,1,0.973,0.068
2016,Brazil,0.6873,0.64,0.998,0.98,0.132
2016,Brunei Darussalam,0.6686,0.696,0.992,0.966,0.021
2016,Bulgaria,0.7257,0.716,0.993,0.979,0.215
2016,Burkina Faso,0.6396,0.714,0.809,0.967,0.068
2016,Burundi,0.7675,0.865,0.917,0.974,0.314
2016,Cambodia,0.6581,0.659,0.897,0.98,0.098
2016,Cameroon,0.6841,0.727,0.862,0.968,0.18
2016,Canada,0.7309,0.732,1,0.969,0.222
2016,Cape Verde,0.7292,0.61,0.984,0.98,0.343
2016,Chad,0.5867,0.667,0.618,0.968,0.093
2016,Chile,0.6994,0.565,0.999,0.979,0.254
2016,China,0.6758,0.656,0.967,0.919,0.162
2016,Colombia,0.7267,0.749,0.999,0.979,0.18
2016,Costa Rica,0.7362,0.606,1,0.975,0.365
2016,Croatia,0.6999,0.672,0.995,0.979,0.154
2016,Cuba,0.74,0.578,1,0.975,0.407
2016,Cyprus,0.6844,0.665,0.998,0.974,0.1
2016,Czech Republic,0.6901,0.647,1,0.979,0.134
2016,Denmark,0.7535,0.735,1,0.97,0.309
2016,Dominican Republic,0.676,0.658,0.989,0.971,0.085
2016,Ecuador,0.7262,0.631,0.996,0.98,0.297
2016,Egypt,0.6136,0.444,0.952,0.971,0.087
2016,El Salvador,0.7018,0.623,0.991,0.98,0.214
2016,Estonia,0.7465,0.703,0.995,0.98,0.308
2016,Ethiopia,0.6621,0.599,0.84,0.978,0.231
2016,Finland,0.845,0.794,1,0.98,0.607
2016,France,0.755,0.676,1,0.98,0.365
2016,Gambia,0.6672,0.685,0.913,0.973,0.098
2016,Georgia,0.6809,0.679,0.989,0.967,0.089
2016,Germany,0.7656,0.691,0.966,0.979,0.428
2016,Ghana,0.7053,0.805,0.931,0.973,0.112
2016,Greece,0.6795,0.649,0.987,0.979,0.104
2016,Guatemala,0.6662,0.613,0.96,0.98,0.112
2016,Guinea,0.6399,0.745,0.718,0.967,0.13
2016,Honduras,0.6896,0.623,1,0.976,0.16
2016,Hungary,0.6695,0.672,0.992,0.979,0.035
2016,Iceland,0.8737,0.806,1,0.97,0.719
2016,India,0.6832,0.408,0.95,0.942,0.433
2016,Indonesia,0.6821,0.598,0.987,0.976,0.168
2016,Iran,0.5875,0.357,0.975,0.971,0.047
2016,Ireland,0.7975,0.709,1,0.979,0.502
2016,Israel,0.7192,0.678,1,0.974,0.224
2016,Italy,0.7186,0.574,0.995,0.974,0.331
2016,Ivory Coast,0.597,0.575,0.764,0.968,0.081
2016,Jamaica,0.7239,0.733,1,0.98,0.183
2016,Japan,0.6602,0.569,0.99,0.979,0.103
2016,Jordan,0.6031,0.381,0.993,0.966,0.073
2016,Kazakhstan,0.718,0.745,0.995,0.98,0.153
2016,Kenya,0.7019,0.71,0.943,0.973,0.182
2016,Kuwait,0.624,0.52,0.997,0.957,0.022
2016,Kyrgyzstan,0.6867,0.651,0.991,0.973,0.132
2016,Laos,0.7238,0.832,0.944,0.972,0.146
2016,Latvia,0.7547,0.785,1,0.98,0.255
2016,Lebanon,0.5976,0.44,0.959,0.97,0.021
2016,Lesotho,0.7059,0.672,1,0.98,0.172
2016,Liberia,0.6518,0.612,0.797,0.967,0.23
2016,Lithuania,0.7439,0.757,1,0.979,0.239
2016,Luxembourg,0.7342,0.75,1,0.974,0.212
2016,Macedonia,0.6962,0.658,0.982,0.967,0.178
2016,Madagascar,0.7043,0.739,0.964,0.973,0.142
2016,Malawi,0.7,0.799,0.915,0.973,0.113
2016,Malaysia,0.6658,0.658,0.985,0.969,0.051
2016,Maldives,0.6496,0.59,0.988,0.966,0.055
2016,Mali,0.5905,0.594,0.733,0.949,0.086
2016,Malta,0.6643,0.595,0.953,0.97,0.14
2016,Mauritania,0.6238,0.469,0.858,0.973,0.195
2016,Mauritius,0.652,0.55,0.991,0.98,0.087
2016,Mexico,0.7,0.544,0.996,0.98,0.281
2016,Moldova,0.7413,0.795,0.996,0.979,0.196
2016,Mongolia,0.7054,0.766,0.993,0.98,0.084
2016,Montenegro,0.6813,0.647,0.989,0.975,0.114
2016,Morocco,0.5966,0.38,0.925,0.971,0.11
2016,Mozambique,0.7496,0.798,0.871,0.968,0.361
2016,Namibia,0.7646,0.781,0.999,0.98,0.299
2016,Nepal,0.6608,0.578,0.918,0.972,0.175
2016,Netherlands,0.7558,0.659,0.994,0.97,0.401
2016,New Zealand,0.7807,0.765,0.999,0.97,0.39
2016,Nicaragua,0.7795,0.632,1,0.98,0.506
2016,Nigeria,0.6429,0.7,0.814,0.961,0.097
2016,Norway,0.842,0.818,1,0.974,0.576
2016,Oman,0.6122,0.483,0.973,0.971,0.021
2016,Pakistan,0.5559,0.32,0.811,0.967,0.127
2016,Panama,0.7207,0.696,0.993,0.98,0.214
2016,Paraguay,0.6764,0.656,0.995,0.98,0.075
2016,Peru,0.6868,0.594,0.989,0.97,0.194
2016,Philippines,0.7863,0.78,1,0.98,0.386
2016,Poland,0.7267,0.69,1,0.979,0.238
2016,Portugal,0.7369,0.713,0.993,0.973,0.268
2016,Qatar,0.6426,0.619,0.982,0.957,0.013
2016,Romania,0.6902,0.699,0.992,0.979,0.09
2016,Russia,0.6909,0.722,0.997,0.979,0.066
2016,Rwanda,0.7998,0.817,0.958,0.972,0.452
2016,Saudi Arabia,0.5829,0.328,0.961,0.966,0.077
2016,Senegal,0.6851,0.628,0.83,0.967,0.316
2016,Serbia,0.72,0.67,0.996,0.973,0.242
2016,Singapore,0.7116,0.793,0.975,0.967,0.111
2016,Slovakia,0.6787,0.648,1,0.973,0.093
2016,Slovenia,0.7855,0.784,1,0.973,0.385
2016,South Africa,0.7639,0.677,0.995,0.98,0.404
2016,South Korea,0.6486,0.537,0.964,0.973,0.12
2016,Spain,0.7384,0.668,0.998,0.972,0.316
2016,Sri Lanka,0.6733,0.53,0.988,0.98,0.196
2016,Suriname,0.6786,0.617,0.997,0.98,0.12
2016,Swaziland,0.6655,0.595,0.997,0.961,0.109
2016,Sweden,0.8154,0.802,0.999,0.974,0.486
2016,Switzerland,0.7759,0.745,0.993,0.974,0.391
2016,Syria,0.5673,0.273,0.963,0.97,0.063
2016,Tajikistan,0.6793,0.711,0.937,0.966,0.104
2016,Tanzania,0.7157,0.674,0.914,0.979,0.296
2016,Thailand,0.6991,0.77,0.99,0.98,0.057
2016,Timor-Leste,0.6367,0.406,0.941,0.971,0.229
2016,Trinidad and Tobago,0.7229,0.702,0.992,0.98,0.218
2016,Tunisia,0.6359,0.444,0.96,0.969,0.17
2016,Turkey,0.623,0.464,0.958,0.98,0.09
2016,Uganda,0.7037,0.647,0.928,0.98,0.26
2016,Ukraine,0.6998,0.722,1,0.979,0.098
2016,United Arab Emirates,0.639,0.456,1,0.961,0.139
2016,United Kingdom,0.7521,0.7,0.999,0.974,0.335
2016,United States,0.722,0.752,1,0.975,0.162
2016,Uruguay,0.6805,0.643,0.999,0.98,0.101
2016,Venezuela,0.6937,0.669,0.999,0.98,0.127
2016,Vietnam,0.7004,0.736,0.978,0.95,0.138
2016,Yemen,0.5162,0.352,0.72,0.967,0.026
2016,Zimbabwe,0.7103,0.714,0.973,0.98,0.175